CID,smiles
58,CCC(=O)C(=O)O
102,C1=CC(=CC(=C1)O)CO
107,C1=CC=C(C=C1)CCC(=O)O
125,C1=CC(=CC=C1CO)O
126,C1=CC(=CC=C1C=O)O
174,C(CO)O
176,CC(=O)O
177,CC=O
178,CC(=O)N
179,CC(C(=O)C)O
180,CC(=O)C
196,C(CCC(=O)O)CC(=O)O
239,C(CN)C(=O)O
240,C1=CC=C(C=C1)C=O
241,C1=CC=CC=C1
243,C1=CC=C(C=C1)C(=O)O
244,C1=CC=C(C=C1)CO
260,Br
261,CCCC=O
262,CC(C(C)O)O
263,CCCCO
264,CCCC(=O)O
284,C(=O)O
307,C1=CC=C(C=C1)C=CC=O
311,C(C(=O)O)C(CC(=O)O)(C(=O)O)O
313,Cl
323,C1=CC=C2C(=C1)C=CC(=O)O2
325,CC(C)C1=CC=C(C=C1)CO
326,CC(C)C1=CC=C(C=C1)C=O
332,COC1=C(C=CC(=C1)C=C)O
335,CC1=CC=CC=C1O
342,CC1=CC(=CC=C1)O
356,CCCCCCCC
379,CCCCCCCC(=O)O
454,CCCCCCCC=O
460,COC1=CC=CC=C1O
527,CCC=O
602,CC(C(=O)O)N
612,CC(C(=O)O)O
650,CC(=O)C(=O)C
660,C1CC(=O)OC2=CC=CC=C21
679,CS(=O)C
702,CCO
750,C(C(=O)O)N
753,C(C(CO)O)O
785,C1=CC(=CC=C1O)O
791,CCC(C)C(C(=O)O)N
795,C1=CN=CN1
798,C1=CC=C2C(=C1)C=CN2
807,II
875,C(C(C(=O)O)O)(C(=O)O)O
876,CSCCC(C(=O)O)N
878,CS
880,CC(=O)C=O
887,CO
931,C1=CC=C2C=CC=CC2=C1
957,CCCCCCCCO
962,O
984,CCCCCCCCCCCCCCCC=O
985,CCCCCCCCCCCCCCCC(=O)O
989,CC1(COC(=O)C1O)C
994,C1=CC=C(C=C1)CC(C(=O)O)N
996,C1=CC=C(C=C1)O
998,C1=CC=C(C=C1)CC=O
999,C1=CC=C(C=C1)CC(=O)O
1001,C1=CC=C(C=C1)CCN
1030,CC(CO)O
1031,CCCO
1032,CCC(=O)O
1049,C1=CC=NC=C1
1060,CC(=O)C(=O)O
1068,CSC
1110,C(CC(=O)O)C(=O)O
1118,OS(=O)(=O)O
1119,O=S=O
1127,C1CCSC1
1136,CC1=C(SC=N1)CCO
1140,CC1=CC=CC=C1
1146,CN(C)C
1150,C1=CC=C2C(=C1)C(=CN2)CCN
1182,CC(C)C(C(=O)O)N
1183,COC1=C(C=CC(=C1)C=O)O
1254,CC1CCC(C(C1)O)C(C)C
1567,C(CS)O
1623,C1CCN(C1)CCOC2=CC=C(C=C2)C3=C(C4=C(S3)C=C(C=C4)O)CC5=CC(=C(C=C5)CN6CCCC6)Br
1752,CCCCCCCCCC1=CC=C(C=C1)O
2214,CC(=O)C1=CC(=C(C=C1)O)OC
2345,C1=CC=C(C=C1)COC(=O)C2=CC=CC=C2
2346,C1=CC=C(C=C1)CN=C=S
2355,COC1=C2C=CC(=O)OC2=CC3=C1C=CO3
2519,CN1C=NC2=C1C(=O)N(C(=O)N2C)C
2537,CC1(C2CCC1(C(=O)C2)C)C
2682,CCCCCCCCCCCCCCCCO
2758,CC1(C2CCC(O1)(CC2)C)C
2879,CC1=CC=C(C=C1)O
2969,CCCCCCCCCC(=O)O
3102,C1=CC=C(C=C1)C(=O)C2=CC=CC=C2
3314,COC1=C(C=CC(=C1)CC=C)O
3385,C1=C(C(=O)NC(=O)N1)F
3515,CC1=C2C=CC(=C2C=C(C=C1)C(C)C)C
3776,CC(C)O
3893,CCCCCCCCCCCC(=O)O
4133,COC(=O)C1=CC=CC=C1O
4276,COC1=CC(=CC2=C1OCO2)CC=C
4685,C1=CC(=CC=C1Cl)Cl
4763,CCC1(C(=O)NC(=O)NC1=O)C2=CC=CC=C2
4943,CC(C)C1=C(C(=CC=C1)C(C)C)O
5054,C1=CC(=CC(=C1)O)O
5144,C=CCC1=CC2=C(C=C1)OCO2
5281,CCCCCCCCCCCCCCCCCC(=O)O
5541,CC(=O)OCC(COC(=O)C)OC(=O)C
5610,C1=CC(=CC=C1CCN)O
5634,C=CCCCCCCCCC(=O)O
5662,C1CCC(C(C1)N2CCC(CC2)C3=CC=CC=C3)O
5779,C([C@@H]1[C@H]([C@H](C(O1)O)O)O)O
5780,C([C@H]([C@H]([C@@H]([C@H](CO)O)O)O)O)O
5862,C([C@@H](C(=O)O)N)S
5950,C[C@@H](C(=O)O)N
5960,C([C@@H](C(=O)O)N)C(=O)O
5961,C(CC(=O)N)[C@@H](C(=O)O)N
5962,C(CCN)C[C@@H](C(=O)O)N
5971,C=CCN=C=S
6050,CCCC(=O)OCC(COC(=O)CCC)OC(=O)CCC
6054,C1=CC=C(C=C1)CCO
6057,C1=CC(=CC=C1C[C@@H](C(=O)O)N)O
6061,CNN
6106,CC(C)C[C@@H](C(=O)O)N
6115,C1=CC=C(C=C1)N
6137,CSCC[C@@H](C(=O)O)N
6140,C1=CC=C(C=C1)C[C@@H](C(=O)O)N
6184,CCCCCC=O
6202,CC1=C(SC=[N+]1CC2=CN=C(N=C2N)C)CCO.Cl.[Cl-]
6212,C(Cl)(Cl)Cl
6213,CS(=O)(=O)C
6274,C1=C(NC=N1)C[C@@H](C(=O)O)N
6276,CCCCCO
6287,CC(C)[C@@H](C(=O)O)N
6322,C(C[C@@H](C(=O)O)N)CN=C(N)N
6343,CCS
6344,C(Cl)Cl
6374,C(I)(I)I
6386,CC(C)(C)O
6416,CC(=O)C(C)(C)C
6425,CC(C)(C(C)(C)O)O
6448,CC(=O)OC1CC2CCC1(C2(C)C)C
6493,CCC(C)(CC)O
6501,CCOC(=O)C1C(O1)(C)C2=CC=CC=C2
6505,CCCCOC(=O)CC(CC(=O)OCCCC)(C(=O)OCCCC)OC(=O)C
6506,CCOC(=O)CC(CC(=O)OCC)(C(=O)OCC)O
6532,CC(C)C(=O)OC(C)(CCC=C(C)C)C=C
6544,CC1=CC(=O)CC(C1)(C)C
6548,CCC(C)(CCCC(C)C)O
6549,CC(=CCCC(C)(C=C)O)C
6560,CC(C)CO
6561,CC(C)C=O
6562,CC(=C)C=O
6568,CCC(C)O
6569,CCC(=O)C
6578,CCC(=O)N
6582,CC(=O)NC
6584,CC(=O)OC
6590,CC(C)C(=O)O
6616,CC1(C2CCC(C2)C1=C)C
6631,CC1CCC(CC1)C(C)(C)OC(=O)C
6654,CC1=CCC2CC1C2(C)C
6658,CC(=C)C(=O)OC
6660,CC1=C(C(=O)CC1)O
6669,CC1=C(C(=C(C(=C1[N+](=O)[O-])C(C)(C)C)[N+](=O)[O-])C)C(=O)C
6721,C1=C(C(=C(C(=C1[N+](=O)[O-])O)[N+](=O)[O-])O)[N+](=O)[O-]
6736,CC1=CNC2=CC=CC=C12
6753,CC1=C(C=C(C(=C1[N+](=O)[O-])OC)C(C)(C)C)[N+](=O)[O-]
6826,CNC1=CC=CC=C1C(=O)OC
6835,COC1=CC=CC=C1C2=CC=CC=C2
6854,C1=CC=C2C(=C1)C3=CC=CC=C3N2
6873,CC(C)COC(=O)C1=CC=CC=C1O
6874,CC(C)CCOC(=O)C1=CC=CC=C1O
6877,CCOC(=O)C1=CC=CC=C1N
6915,CCC(CC)C(=O)O
6920,CC(=O)C1=CC=CS1
6930,CCC1=CC2=C(C=C1C(=O)C)C(CCC2(C)C)(C)C
6937,CC1=CC(=C(C=C1)C(C)(C)C)O
6943,CC(C)C1=CC=CC=C1O
6949,CC1CCC(=C(C)C)CC2=C1CCC2C
6985,CC1=CC(=C(C=C1)C(=O)C)C
6986,CC1CCC(C(=O)C1)C(C)C
6987,CC1=CC(=O)C(CC1)C(C)C
6988,CC1CCC(=C(C)C)C(=O)C1
6989,CC1=CC(=C(C=C1)C(C)C)O
6997,CCC1=CC=CC=C1O
6998,C1=CC=C(C(=C1)C=O)O
7002,CC1=CC=CC2=CC=CC=C12
7007,CC(=O)OC(C1=CC=CC=C1)C(Cl)(Cl)Cl
7016,C1CCC(CC1)C2CCCCC2=O
7037,C1=CC=C(C=C1)C(C2=CC=CC=C2)O
7041,COC1=C(C(=CC=C1)OC)O
7043,COC1=CC=CC=C1OC
7045,C1=CC=C2C(=C1)N=CC=N2
7047,C1=CC=C2C(=C1)C=CC=N2
7053,CC1=C(NC2=CC=CC=C12)C
7058,C1=CC=C2C=C(C=CC2=C1)S
7059,CC1=CC2=C(C=C1)N=CC=C2
7060,CC1=NC2=CC=CC=C2C=C1
7092,CC1=CC2=C(C=C1)OC(=O)C=C2
7095,C1=CC=C(C=C1)C2=CC=CC=C2
7119,COC1=CC2=CC=CC=C2C=C1
7122,CC(=O)C1=CC2=CC=CC=C2C=C1
7127,COC1=C(C=C(C=C1)CC=C)OC
7129,CCOC1=CC2=CC=CC=C2C=C1
7136,CC(=O)OC1=C(C=C(C=C1)CC=C)OC
7137,CC=CC1=CC(=C(C=C1)OC(=O)C)OC
7144,CC1=CC(=C(C=C1)O)OC
7146,CC(C=O)C1=CC=CC=C1
7147,CCC(C1=CC=CC=C1)O
7148,CCC(=O)C1=CC=CC=C1
7150,COC(=O)C1=CC=CC=C1
7151,COC(=O)C1=CN=CC=C1
7165,CCOC(=O)C1=CC=CC=C1
7170,CCOC(=O)CC(=O)C1=CC=CC=C1
7184,CCCCOC(=O)C1=CC=C(C=C1)O
7193,CC(C)CCOC(=O)C1=CC=CC=C1
7194,C1=CC=C(C=C1)CCOC(=O)C2=CC=CC=C2
7197,CCCC1=CC2=C(C=C1)OCO2
7222,C1=CC=C2C(=C1)N=CS2
7224,CC1=CC2=CC=CC=C2N1
7225,CC1=NC2=CC=CC=C2O1
7237,CC1=CC=CC=C1C
7239,C1=CC=C(C(=C1)Cl)Cl
7247,CC1=CC(=C(C=C1)C)C
7249,CC1=C(C=C(C=C1)O)C
7267,CC1=CC(=C(C=C1)C)O
7284,CCC(C)C=O
7288,CCC(=O)CC
7298,C1CCC(C1)O
7301,CC1CCCO1
7302,C1CC(=O)OC1
7304,CN1C=CC=C1
7311,CC(C)(C)C1=CC(=C(C=C1)O)C(C)(C)C
7335,CC1=CCC(CC1OC(=O)C)C(=C)C
7336,CCC(=O)OC1CC(CC=C1C)C(=C)C
7341,CCCC(C)C(=O)O
7342,CCOC(=O)C(C)C
7344,CCOC(=O)C(C)O
7351,CC(C)COC(=O)C(C)C
7353,CCCCOC(=O)C(C)C
7359,CCC(CC)C=O
7360,C1CC(OC1)CO
7361,C1=COC(=C1)CO
7362,C1=COC(=C1)C=O
7363,C1=COC(=C1)CS
7364,C1=CSC(=C1)C=O
7391,CC(C)(C)C1CCC(CC1)O
7392,CC(C)(C)C1CCC(=O)CC1
7393,CC(C)(C)C1=CC=C(C=C1)O
7406,CC(C)C1=CC=CC=C1
7409,CC(C1=CC=CC=C1)O
7410,CC(=O)C1=CC=CC=C1
7413,C1CCC(CC1)C(=O)O
7417,CC(=O)C1=CC(=CC=C1)N
7438,CC1=CCC(CC1O)C(=C)C
7439,CC1=CCC(CC1=O)C(=C)C
7453,CCC(C)C1=CC=C(C=C1)O
7455,CC1=CC=C(C=C1)C(=O)OC
7456,COC(=O)C1=CC=C(C=C1)O
7460,CC1=CCC(C=C1)C(C)C
7461,CC1=CCC(=CC1)C(C)C
7462,CC1=CC=C(CC1)C(C)C
7463,CC1=CC=C(C=C1)C(C)C
7465,CC(C)C1=CC=C(C=C1)O
7468,CC(=O)C1=CC=C(C=C1)N
7469,CC(=O)C1=CC=C(C=C1)O
7476,CC(=O)C1=CC=C(C=C1)OC
7478,COC1=CC=C(C=C1)C(=O)O
7500,CCC1=CC=CC=C1
7501,C=CC1=CC=CC=C1
7505,C1=CC=C(C=C1)C#N
7509,C1=CC=C(C=C1)CS
7519,COC1=CC=CC=C1
7523,CCC1=CC=CC=N1
7531,CC(C)(CC1=CC=CC=C1)O
7559,COC(=O)CC1=CC=CC=C1
7580,C1=CC=C(C=C1)CC2=CC=CC=C2
7583,C1=CC=C(C=C1)OC2=CC=CC=C2
7590,CCOC(=O)CC1=CC=CC=C1
7593,C1=CC=C(C=C1)CC(=O)CC2=CC=CC=C2
7599,COC1=CC=C(C=C1)COC(=O)CC2=CC=CC=C2
7600,CC(C)CCOC(=O)CC1=CC=CC=C1
7601,C1=CC=C(C=C1)CCOC(=O)CC2=CC=CC=C2
7614,CC(C)CC(CC=C(C)C)OCC=O
7632,CC(C)(CCC1=CC=CC=C1)O
7633,CC(=O)OC(C)(C)CCC1=CC=CC=C1
7635,CCCCC(CC)COC(=O)C
7643,COC(=O)CCC1=CC=CC=C1
7646,CC(C)C(=O)OCC1=CC=CC=C1
7647,C1=CC=C(C=C1)CCC2=CC=CC=C2
7650,CCCC(=O)OCC1=CC=CC=C1
7651,CC(C)CC(=O)OCC1=CC=CC=C1
7654,CC(=O)OCCC1=CC=CC=C1
7655,CC(C)C(=O)OCCC1=CC=CC=C1
7657,C1=CC=C(C=C1)COCC2=CC=CC=C2
7658,CCCC(=O)OCCC1=CC=CC=C1
7662,CC(C)C(=O)OCCCC1=CC=CC=C1
7664,CCCC(=O)OCC=CC1=CC=CC=C1
7668,CCCC1=CC=CC=C1
7678,CC(=O)CC1=CC=CC=C1
7685,CC1=CC=C(C=C1)OC(=O)C(C)C
7695,CC(=O)OCC1=CC=C(C=C1)OC
7702,CCCC1=CC=C(C=C1)OC
7704,CCCCC1CCC(=O)O1
7705,CCCCC1=CC=CC=C1
7707,C1=CC=C(C=C1)CCC=O
7708,C1=CC=C(C=C1)COC=O
7710,CCCCCC1CCC(=O)O1
7711,C1=CC=C(C=C1)CCOC=O
7714,CCCCCCCC1CCC(=O)O1
7720,CCCCC(CC)CO
7724,CC1=CC=C(C=C1)C#N
7725,CC1=CC=C(C=C1)C=O
7728,CCC1=CN=C(C=C1)C
7731,CC1=CC=C(C=C1)OC
7733,CC(C)COC(=O)CCC1=CC=CO1
7734,CCC1=CC=C(C=C1)CC
7738,COC1=CC=C(C=C1)CO
7742,CCCC1CCC(=O)O1
7745,CCCC(C)CO
7749,CCC(=O)OCC
7761,CCOC(=O)CC(=O)OCC
7762,CCCC(=O)OCC
7765,CCOC(C)OCC
7768,C1CCC(=O)NCC1
7770,CCCC(=O)OCCC
7771,CC1=CC(=C(C=C1)O)C
7772,CCC(=O)OCCC(C)C
7775,CCCCCC(=O)OCC(C)C
7778,CC(CCC=C(C)C)CCOC=O
7781,CCC(=O)OCCC(C)CCCC(=C)C
7782,CCC(=O)OCC=C(C)CCC=C(C)C
7792,CC(C)CCCC(C)CCO
7793,C[C@@H](CCC=C(C)C)CCO
7794,CC(CCC=C(C)C)CC=O
7795,CCCC(=O)OCCC(C)C
7797,CCCCCCC(=O)OCC
7799,CCCCCCCC(=O)OCC
7800,CCCCCCCCCCCC(=O)OCC
7802,CCCCC(=O)CC
7803,CCCOC(=O)CC
7809,CC1=CC=C(C=C1)C
7820,COC(=O)CCC(=O)OC
7824,CCCCCC(=O)OC
7826,CCCCCCC(=O)OC
7848,CCCS
7858,C=CCO
7870,CC(CC(C)(C)O)O
7888,CC(CCCC(C)(C)O)CC=O
7894,CC(C)CCN
7895,CCCC(=O)C
7896,CC(CCO)O
7909,CC(C)CC(=O)C
7910,CC(C)CC(C)O
7915,CC(C)OC(=O)C
7916,CC(=C)OC(=O)C
7921,CC1CCC(=O)O1
7929,CC1=CC(=CC=C1)C
7936,CC1=CC(=NC=C1)C
7937,CC1=NC(=CC=C1)C
7938,CC1=CN=CC(=N1)C
7943,COC(=O)CC(=O)OC
7945,CCOC(=O)CC(C)C
7947,CC1=CC(=CC(=C1)C)C
7953,CC1=CC(=NC(=C1)C)C
7956,C1(=O)NC(=O)NC(=O)N1
7957,CC(C)CC(CC(C)C)O
7963,CC1=CC=NC=C1
7966,C1CCC(CC1)O
7967,C1CCC(=O)CC1
7969,C1=CC=C(C=C1)S
7970,CC1=CN=CC=C1
7975,CC1=CC=CC=N1
7976,CC1=NC=CN=C1
7981,CCCCOC(=O)CC(C)C
7983,CCCCOC(=O)CCC
7984,C1CCCCCCCC(=O)OCCCCCCC1
7989,CC(=O)CCC=C
7991,CCCCC(=O)O
7997,CCCOC(=O)C
8003,CCCCC
8007,CCCCN
8012,CCCCS
8013,C(CS)CS
8016,CNCCO
8025,CCOC=O
8027,C1=CNC=C1
8028,C1CCOC1
8029,C1=COC=C1
8030,C1=CSC=C1
8034,CC(C)CCC(=O)C
8038,CC(C)COC(=O)C
8042,CCCCCCCCCCCCCC(=O)OC(C)C
8048,CCCCCCCCCC(=O)OCC
8049,CCOC(=O)CCCCCCCCC(=O)OCC
8050,CCCCCCCCCC(=O)OC
8051,CCCCCC(=O)C
8052,CC(C)CCOC=O
8058,CCCCCC
8061,CCCCC#N
8063,CCCCC=O
8064,C(CCO)CO
8067,CCCCCS
8073,CCCOC=O
8077,CCSSCC
8078,C1CCCCC1
8080,C1CC=COC1
8082,C1CCNCC1
8091,CCCCCCCC(=O)OC
8092,CCCCCC#CC(=O)OC
8093,CCCCCCC(=O)C
8094,CCCCCCC(=O)O
8103,CCCCCCO
8106,CCCCCCS
8118,CCCSCCC
8122,CCCCCCCCCCCCCCCCCC(=O)OCC
8125,CCCCCCC=C
8126,CCCCCC=CC
8129,CCCCCCCO
8130,CCCCCCC=O
8133,CCCCOCCO
8134,COCCOCCO
8137,CCCCCCC#CC(=O)OC
8139,CCCCCCCCCCCC(=O)OC
8141,CCCCCCCCC
8144,CCCCCCCCS
8146,CCOCCOCCO
8158,CCCCCCCCC(=O)O
8159,CCCCCCCOC(=O)C
8163,CCCCCCCCCC(=O)C
8164,CCCCCCCCOC(=O)C
8167,CCCCCCCCCCOC(=O)C
8169,CCCCCCCOC=O
8172,C(COCCOCCO)O
8174,CCCCCCCCCCO
8175,CCCCCCCCCC=O
8176,CCCCCCCCOC=O
8180,CCCCCCCCCCC(=O)O
8182,CCCCCCCCCCCC
8183,CCCCCCCCCCC=C
8184,CCCCCCCCCCCO
8185,C=CCCCCCCCCCO
8186,CCCCCCCCCCC=O
8187,C=CCCCCCCCCC=O
8193,CCCCCCCCCCCCO
8194,CCCCCCCCCCCC=O
8205,CCCCCCCCCCCCOC(=O)C
8207,CCCCCCCCCCCCCO
8209,CCCCCCCCCCCCCCO
8217,CCCCCCCCCCCCCCCCC=C
8221,CCCCCCCCCCCCCCCCCCO
8222,CCCCCCCCCCCCCCCCCCCC
8257,CC(C)(C=C)O
8294,CC(=CCCC(C)(C=C)OC(=O)C)C
8298,CC1CC(CC(C1)(C)C)O
8299,CC(=O)CO
8308,C1=CC(=CC=C1NC(=O)CCC(=O)O)S(=O)(=O)NC2=NC=CS2.O
8314,CCC(C)C(=O)O
8347,CC1CC(C=C(C2C1CC(=C(C)C)C2)C)OC(=O)C
8361,C1=CC=C(C=C1)OC(=O)C2=CC=CC=C2O
8363,C1=CC=C(C=C1)COC(=O)C2=CC=CC=C2O
8364,CCCCC(CC)COC(=O)C1=CC=CC=C1O
8365,CCOC(=O)C1=CC=CC=C1O
8369,CC1=C(C(=O)C=CO1)O
8375,CC(=O)C1=CC=CC=C1O
8400,C1=CC=C(C=C1)C(C(=O)C2=CC=CC=C2)O
8404,C1CCC2=CC=CC=C2C1
8405,C1=CC=C2C=NC=CC2=C1
8419,COC1=C(C=C(C=C1)C=O)OC
8432,CCC(=O)OC(C)C1=CC=CC=C1
8438,C1OC2=C(O1)C=C(C=C2)C=O
8452,C1CCC(=O)C1
8456,CC(C)(C)C1=C(C=CC(=C1)OC)O
8467,CCOC1=C(C=CC(=C1)C=O)O
8468,COC1=C(C=CC(=C1)C(=O)O)O
8469,CCOC(=O)C1C(O1)C2=CC=CC=C2
8499,COC1=CC=C(C=C1)C(=O)OC
8500,CC1=CC=C(C=C1)C(=O)C
8615,C1=CC=C(C=C1)CCOC(=O)C2=CC=CC=C2N
8635,COC(=O)C1=CC=CC=C1N
8655,COC1=CC(=CC(=C1O)OC)C=O
8657,CCC1=CC=CC=C1CC
8658,COC1=CC=CC=C1C=O
8697,CCCCC(CC)C(=O)O
8698,CCCCOC(=O)C1=CC=CC=C1
8710,CCCCCCCC1CCCC1=O
8712,CC1=CC=CC=C1S
8723,CCC(C)CO
8738,CCCCOC(=O)C(C)O
8748,CC(=C)C1CCC(CC1)(C)O
8763,CCC(=O)OCC(COC(=O)CC)OC(=O)CC
8767,CC(CCC=C(C)C)CCOC(=O)CC1=CC=CC=C1
8768,C1=CC(=C(C=C1C=O)O)O
8785,CC(=O)OCC1=CC=CC=C1
8791,CCCCCCCCCCCC(=O)OCC1=CC=CC=C1
8792,CC(C)CC(=O)OCCC1=CC=CC=C1
8794,C1=CC=C(C=C1)CC#N
8797,CC1=CC=C(C=C1)OC(=O)C
8815,COC1=CC=C(C=C1)CC=C
8821,CCOC(=O)C=C
8833,CC(CCCC(=C)C)CCOC(=O)C
8834,CCC(=O)OCCC(C)CCC=C(C)C
8835,CCCC(=O)OCCC(C)CCC=C(C)C
8842,CC(CCC=C(C)C)CCO
8857,CCOC(=O)C
8858,CC(=CC(=O)C)C
8863,CC(CCCC(C)(C)O)CC(OC)OC
8864,CCC1=CC(=CC=C1)CC
8868,CCOC(=O)CC(=O)C
8878,CCCCCCC(=O)OCC=C
8892,CCCCCC(=O)O
8894,C1CCOCC1
8900,CCCCCCC
8908,CCCCCCOC(=O)C
8914,CCCCCCCCCO
8918,CCCCCCCCCOC(=O)C
9012,C1=CC=C(C=C1)CSSCC2=CC=CC=C2
9016,COC1=CC=C(C=C1)OC
9017,CC(CCC=C(C)C)CCOC(=O)C
9020,C(CC(=O)[O-])C(=O)[O-].[Na+].[Na+]
9024,CC(=O)OC(C)(C)CC1=CC=CC=C1
9025,COC1=CC(=CC=C1)OC
9027,CCC(C)CCC(C)(CC)O
9223,C1=CC=C2C(=C1)C=CO2
9225,C1=CC=C2C(=C1)C=NS2
9231,C1=CC=C2C=CC=C2C=C1
9256,C1=CSC=N1
9258,C1SCSS1
9261,C1=CN=CC=N1
9264,C1SCSCS1
9268,C1CCCCCCCCCCC1
9316,CCC=CCC=CCC=CCCCCCCCC(=O)OC
9469,C1=CC=C(C=C1)C(CNC2=CC=CC=N2)O.Cl
9473,CC(=O)OCC1=CC2=C(C=C1)OCO2
9589,CC(=O)C1=CN=CC=C1
9609,CCSCC
9862,CC(=CCCC(=O)C)C
9865,C1CS1
9895,CC1=C(C(CCC1)(C)C)C=O
10099,C[C@@H]1CC[C@@H]2C13CC=C(C(C3)C2(C)C)C
10106,CC(C)C12CCC(O1)(CC2)C
10224,CC1CCC(C2=C1C=CC(=C2)C)C(C)C
10225,CC1=CC2=C(C=CC(=C2C=C1)C)C(C)C
10228,CC(=CCC1=C(C=CC2=C1OC(=O)C=C2)OC)C
10248,COC1=CC(=CC(=C1OC)OC)CC=C
10281,CC1=CC(=O)C(=CC1=O)C(C)C
10285,CC1=CC=NC2=CC=CC=C12
10315,CCCC(=O)C1=CC=CC=C1
10326,C1CC2=CC=CC=C2C1
10329,C1COC2=CC=CC=C21
10336,CC=C(C)C=O
10352,C1CC2CC1C=C2
10353,CC1CCC(CC1)C(C)(C)O
10364,CC1=C(C=C(C=C1)C(C)C)O
10393,C1=CC(=CC=C1CCO)O
10400,C1CCCC(=O)CC1
10402,CC(CCC=C(C)C)CC(=O)O
10405,CCCCC(=O)CCCC
10408,CC(C)CCCC(C)CCCC(C)CCCC(=O)C
10409,C1CCCCCCCC(=O)CCCCCC1
10430,CC(C)CC(=O)O
10436,CC1=CC(=CC(=C1)O)O
10438,CC(=CC(=O)C=C(C)C)C
10444,C1CSCN1
10448,CSCCCO
10451,C1CSCSC1
10452,C1CSCCS1
10453,CC(C)CCCC(C)CCCC(C)CCCC(C)(C=C)O
10558,CC(C)CS
10560,CCC(C)S
10582,CC1(C2CC=C(C1C2)CO)C
10659,COC1=C2C(=C(C(=C1)CC=C)OC)OCO2
10680,C1=CC=C(C=C1)C2=CC(=O)C3=CC=CC=C3O2
10686,CC1=C(C(=CC=C1)C)C
10703,CC1=CC=CC=C1C(C)C
10719,CCC1=CC2=C(C=CC2=C(C=C1)C)C
10721,CC1=CC=CC=C1C#N
10722,CC1=CC=CC=C1C=O
10739,C1=CC=C(C=C1)N(C2=CC=CC=C2)N
10748,COC1=CC2=C(C=C1)C=CC(=O)O2
10785,C1CCC(=O)C(C1)O
10795,CC(OC)OC
10797,CC1=CC=CO1
10812,CC1=CC(=CC=C1)C(C)C
10819,CC(=C)C1CCC(=CC1)CO
10822,CCC1=CC=NC=C1
10823,CCC1=CN=CC=C1
10864,CCCCCC1=CC=CC=C1
10874,CCCCC1=CN=CC=C1
10882,CCCCC(=O)OCC
10883,CCOC(=O)CCC(=O)C
10885,CCCC(=O)OCC(C)C
10886,CCCCCC(=O)OCCCCC
10890,CCCCCOC(=O)CCC
10892,C1=CC(=CC=C1F)F
10895,CCC(=O)OCC(C)C
10902,C(CS)S
10925,CC(C)CCS
10931,CC(=CC(=O)O)C
10934,CC1=CSC(=N1)C
10943,C1=CC(=CC(=C1)Cl)Cl
10947,CC1CCCCCCCCCCCCC(=O)C1
10954,C1CCCC=CCCCCCCCC(=O)CCC1
10957,CC(C)COC=O
10975,CC(C)(CCCC(=C)C=C)O
10976,CCCCCC(C)O
11002,CCCCSCCCC
11006,CCCCCCCCCCCCCCCC
11039,CC(C)C(=O)OC
11086,CC(=O)C1=CC=CC=C1N
11124,CCC(=O)OC
11126,CC1=CC=CS1
11142,CC(C)C1CCC(=C)C=C1
11160,CC(C)CC(=O)OC
11169,C[Si]1(O[Si](O[Si](O[Si](O1)(C)C)(C)C)(C)C)C
11173,CC(=CCO)C
11229,CCC(C)(C)CC
11230,CC1=CCC(CC1)(C(C)C)O
11251,CC(C)C(=O)C
11261,CCC(C)C(C)O
11262,CCC(C)C(=O)C
11264,CCC(C(C)C)O
11335,CC1=C(C(=CC=C1)C)O
11340,CC1=CC=CC=C1C(=O)C
11363,CC(=O)C(=O)C1=CC=CC=C1
11417,CC1=C(C=NC=C1)C
11419,CC1CCCCC1=O
11420,CC1=C(N=CC=C1)C
11428,CCC(CC)O
11429,CCC(CO)O
11449,CCCCCC(=O)C(=O)C
11455,CC1=CC=CC(=C1)C(=O)C
11460,CC(=O)C1=CC(=CC=C1)OC
11463,CC1=CCC(=C(C)C)CC1
11474,C1=CC=NC(=C1)CO
11487,C1=CC=C(C=C1)NC2=CC=CC=C2
11505,CC1=CC=C(C=C1)CO
11508,CCC(C)CCO
11509,CCCC(=O)CC
11511,CCC(C)CC(C)C
11514,CC(C)CC(=O)OCC(C)C
11516,CCCCC(=O)CCC
11520,CCCCC(CC)O
11525,CC1CCC(=O)CC1
11526,CC1=CN=C(C=C1)C
11527,CCCCCC(CC)O
11529,CCCCOC(=O)CC
11543,CCCC(C)(C)O
11552,CC(C)CC=O
11558,CC1C=CC(=O)O1
11559,CC1=CCC(=O)O1
11565,CC1=CC(=CN=C1)C
11567,CC1CCCC(=O)C1
11569,COC1=CC=CC(=C1)C=O
11579,CC(=O)CCC(=O)O
11582,CCCCC(C)C
11583,CCCCC(=O)C
11605,C1CC=CC=C1
11610,CCCCCC=C
11614,CCCCOC=O
11617,C=CCSCC=C
11622,CCCCCCCCCCCC(=O)C
11635,CCCCCCCCCCCCCCCCCC
11636,CCCCCCCCCCCCCCCCCCCCCCCCCCC
11702,CCC(CC)(CC)O
11716,CC(C=C)O
11732,CC(C)C(C)O
11747,CCC(=O)C(=O)C
11781,CN1C=CC2=CC=CC=C21
11902,COC(=O)C1=CC=CO1
11903,CCC1=CC=CC=C1C
11926,CC1=CC2=CC=CC=C2N=C1
11952,C1=CC=C(C=C1)C(=O)CN
11962,CC1=CC=C(C=C1)OC(=O)C2=CC=CC=C2
11976,COC1=C(C=C(C=C1)N)N
11980,CCOC(=O)C1=CC=CO1
11989,CSC1=NC2=CC=CC=C2S1
12012,CC1=CC(=O)OC1=O
12020,CCC(C=C)O
12021,COC(=O)OC
12023,CC1=CNC=C1
12024,CC1=CSC=C1
12025,C1CC(=O)NC1
12041,CCOC(=O)C(=O)C
12044,CC(C)C(=O)OC(C)C
12053,CC(C)(C1=CC=CC=C1)O
12072,CC1CCC(CC1O)C(=C)C
12097,CC1=CC=C(O1)C=O
12100,CCC1=CC=CC(=C1)C
12105,CC1=CC=CC(=C1)C=O
12112,C1=CC=C(C=C1)CC2=CN=CC=C2
12127,COC1=C(C=C(C=C1)C=O)O
12146,CC(=O)OC1CCCCC1
12160,CCC1=CC=C(C=C1)C
12170,CC(=O)OCC1=CC=CO1
12177,CCC=C(C)C=O
12178,CCCC(CC)O
12180,CCCC(=O)OC
12206,CCCCC(=O)OC
12232,CSSC
12248,CC=CC(=O)C
12265,CC1=CC=C(N1)C
12266,CC1=CC=C(O1)C
12278,CCCC(C)OC(=O)C
12293,CCCCCC(=O)OCCC
12296,CC(C)CCCO
12297,CCCCC(C)O
12327,CCCCCCCCCCC(=O)OCC
12348,CCCCCOC(=O)C
12366,CCCCCCCCCCCCCCCC(=O)OCC
12367,CCCCCCCC(C)O
12377,CCCSSCCC
12388,CCCCCCCCCCCCC
12389,CCCCCCCCCCCCCC
12391,CCCCCCCCCCCCCCC
12393,CCCCCCCCCCCCCCCCOC(=O)C
12395,CCCCCCCCCCCCCCC=C
12397,CCCCCCCCCCCCCCCO
12398,CCCCCCCCCCCCCCCCC
12401,CCCCCCCCCCCCCCCCCCC
12403,CCCCCCCCCCCCCCCCCCCCC
12405,CCCCCCCCCCCCCCCCCCCCCC
12406,CCCCCCCCCCCCCCCCCCCCCCCCC
12407,CCCCCCCCCCCCCCCCCCCCCCCCCC
12489,CC1=CC=CN1
12506,CC(=O)OCC1CCCO1
12514,CC1=CC=C(S1)C
12518,CC1NC(SC(S1)C)C
12529,CCCCCOC=O
12533,CCCCCCCCCCCCCCCCCC=O
12534,CCCCCCCCCCCCCCCCCCCCCCC
12566,CC1=CC=C(C=C1)C2=CC=CC=C2
12571,CCCOC(=O)C(C)C
12578,CC(C)C1=CC=C(C=C1)C(=O)C
12580,CCCC1=CC=C(C=C1)O
12587,CC(C)CCC(=O)O
12592,CCCCCCCCCCCCCCCCCCCCCCCC
12613,CC(C)CCOC(=O)CC(C)C
12729,CCOC(=O)CCCCCCCCC=C
12741,CCCCCCCCC(=O)C
12746,CC1=CCCC1
12748,CC1=CSC=N1
12749,CC1=NC=CN1
12756,CCC1CCC(=O)O1
12766,C1CCCC(CCC1)O
12777,CCCC1CCCC(=O)O1
12785,CC1=CC(=C(C(=C1O)C)C)O
12810,CCCCCC1CCCC(=O)O1
12813,CCCCCCC1CCC(=O)O1
12844,CCCCCCCC1CCCC(=O)O1
12975,CCCCN(CCCC)C=O
12999,CCCCCCCCCCOC=C
13187,CCCCCCCC(=O)C
13190,CCCCCCCCCC=C
13204,CC1CCCC(=O)O1
13211,CC1=CC=CC2=C1CCC2
13216,C1CCC2CC(CCC2C1)O
13233,CC1(SC(SC(S1)(C)C)(C)C)C
13357,CCC(C)C(=O)OC
13367,C=CCS
13388,CCC1=CC=CS1
13400,CC(=O)C1CCCCC1=O
13403,CCC1=C(C=C(C=C1)C)C
13408,CC1=CC2=CC=CC=C2N1C
13436,C1=CC=C(C=C1)SSC2=CC=CC=C2
13542,CCCCN(CCCC)N=O
13561,CCCCCC(=O)CCCCC
13576,CCCCCCCC(=O)CC
13587,CC1=COC=C1
13588,C1CC(=O)C=C1
13594,C1CC=CC(=O)C1
13621,CCC1=CC=CC(=C1C)C
13629,CCC1=CC(=C(C=C1)C)C
13642,CCC1=CC=C(C=C1)C(=O)C
13663,CC(=O)C1=CC=CC2=CC=CC=C21
13664,C1CCC2=C(C1)C3=CC=CC=C3N2
13852,C1CC(=O)SC1
13854,C1=CNC(=C1)C=O
13886,C1=CC=C(C=C1)C2=CN=CC=C2
14045,CC(C)CC(C)C(C)C
14067,CC(C)(C)CCC(C)(C)C
14072,CC1CS1
14079,CC(=O)C1=CC=CN1
14091,CCCC1=CC=CC=C1C
14095,CCCC1=CC=C(C=C1)C
14104,CC1=CC(=C(C=C1)C(C)C)OC
14109,CCCCCCC1=CC=CC=C1
14115,CCCCCCCC1=CC=CC=C1
14228,CCCCCCCC(=O)OCCCCCC
14235,CC(=O)OC(C)(C)CCCC(=C)C=C
14254,CCCCCCCCC(C)O
14257,CCCCCCCCCCC
14260,CCCCCCCCCCCCC=C
14265,CC1CCCC1=O
14266,CC1=CCCC1=O
14270,CC1=C(C(=O)CC1)C
14273,C1=CC=NC(=C1)C=O
14286,CC(=O)C1=CC=CC=N1
14287,CCC1=CC=CC(=N1)C
14289,C1CCC(CC1)N=C=S
14291,CC1CC(=CC(=O)C1)C
14295,CC(CO)C1=CC=CC=C1
14296,CC1=C(N=C(C(=N1)C)C)C
14328,CC(=O)C1=CC(=C(C=C1)OC)OC
14475,CCCCCC(C)C(=O)O
14489,CC(=CCOC(=O)C)C
14491,C(CCCS)CCS
14493,C(CCCCS)CCCS
14504,CN1C=CC=C1C=O
14505,CC(=O)C1=CC=CO1
14508,CC1=CC=C(N1)C=O
14511,CC1=CC(=O)CCC1
14514,CC1=CC=C(O1)C(=O)C
14525,CC1(C2CCC(C2)(C1=O)C)C
14529,CC1=CC=C(C=C1)C(C)(C)O
14536,CC1=CC(=NC2=CC=CC=C12)C
14896,CC1(C2CCC(=C)C1C2)C
15037,C1=CN(C=C1)CC2=CC=CO2
15116,CC(=O)C1=CSC=C1
15164,C1CCCCCC=CCCCC1
15257,CC1=CC(=NC=N1)C
15317,CC1=CC=CC=C1CC=C
15348,CC1=CN=C(C=C1)N
15380,CSCSC
15394,CCC(=O)C=C
15395,CCCC(=O)C=C
15406,CC1(C2CCC(C2)(C1O)C)C
15421,CC1(CCCC1)C
15422,CCCCCCCS
15449,CCCCCCCCCCCC(C)O
15505,CCCC1CCCCC1
15506,CCCCC1CCCCC1
15510,C1CCC(C1)S
15591,CC1=CC2=CC=CC=C2N=C1C
15600,CCCCCCCCCC
15606,CCCCCCCCC(=O)OC
15650,CC1CCC(=O)C1
15653,CCC1=C(C=CC(=C1)C)C
15654,CC1=C(SC=N1)C=C
15717,C=CCOC(=O)CC1=CC=CC=C1
16237,CCOC(=O)CCC1=CC=CC=C1
16255,CCCCCCCC(=O)OCCC(C)C
16269,CCCCC1CCCC1
16324,CCCC(=O)OCC=C
16330,CCCCOC(=O)C1=CC=CC=C1O
16331,CCCCOC(=O)CCC(=O)C
16441,CC(=C)C1CCC(=CC1)C=O
16537,CC1=CCC(CC1)C(C)(C)OC=O
16582,CC(C)COC1=CC2=CC=CC=C2C=C1
16590,C=CCSSCC=C
16592,CCCSSC
16607,CCCCCCCCC1=CC=CC=C1
16617,CCCCCC(=O)OCCC(C)C
16665,CCCCC(C)CCC
16666,C[C@@H]1CC[C@H]([C@@H](C1)O)C(C)C
16724,CC1=CC[C@@H](CC1=O)C(=C)C
16741,C1=CC=C(C=C1)CCN=C=S
16800,CCCCCC1=CC=CC=N1
16821,CCCCCCCCC1CCC(=O)O1
16842,CCN1C(=O)CCC1=O
16867,CC1=NCCS1
16872,CCCCCCOC(=O)C(C)C
16913,CC1(C2CCC1(C(C2)(C)O)C)C
16997,CCC1C=CC(=O)O1
17000,CC1CCCC(C1=O)(C)C
17008,CC(C)CCC(=O)OC
17090,CC(CCC=C(C)C)C=C
17095,CCCCCCCCCCCC=C
17100,CC1=CCC(CC1)C(C)(C)O
17121,CCCCCC(C=C)OC(=O)C
17129,CCC(C)COC(=O)C(C)CC
17130,CC1=CC2=CC=CC=C2OC1=O
17131,CC1=CC2=C(C=C1)C=CC(=O)O2
17148,CC1CCCC1C
17166,CCCCCCC=CC=O
17355,CC(=O)CCC1=CC=CC=C1
17356,C1CCC(CC1)SSC2CCCCC2
17525,CCCCCCOC(=O)CCC
17617,C=CCOC(=O)CCC1CCCCC1
17691,CC1=CC(=O)CC1
17696,CC1SC(SC(S1)C)C
17697,CCCCCCCCCCCCCCC=O
17739,CCCC1=CC(=C(C=C1)O)OC
17780,CC1CCCC(C1=O)C
17816,CC(C)CC(=O)OCC=C
17868,CC1=CCC2(C1C2)C(C)C
17898,CC1=NC=CN=C1OC
18027,CCCCCCCCCCCCCCCC(=O)C
18467,COC1=NC=CN=C1
18515,CCCCC1=CC=CC=C1O
18522,CC1C(=O)CCO1
18554,CCC1=CC=CO1
18635,CSCCC=O
18698,CCCCC1CCCC(=O)O1
18818,CC(C)C12CCC(=C)C1C2
18826,C1CCCCC(=O)OCCCCCOCCCC1
18827,CCCCCC(C=C)O
18898,CC(=O)C1=C(C=CO1)O
18936,CCCCCCCCCCCCCCCCCCC=C
19089,COCCC1=CC=CC=C1
19137,CC(=O)CCC1=CC=C(C=C1)OC(=O)C
19188,C1=CC=C(C=C1)OCC(=O)O
19223,CC(CCCC(C)(C)OC)CC=O
19309,CC1C(=O)C(=C(O1)C)O
19310,CSSSC
19462,CC1=CC(=CO1)C
19490,CC1CCC(OC1=O)C
19576,CCC1CCCCC1O
19602,CCCCCC1=CC=CO1
19603,CCCCCCCC1=CC=CO1
19707,CCCC(=O)C(=O)C
19802,CC(C)CC(=O)OCC=C(C)CCC=C(C)C
20083,CCCCCCC(C)O
20087,CCC1=CC(=C(C(=C1)C(C)(C)C)O)C(C)(C)C
20219,CCCCCCCC(=O)OCC=C
20263,CC1=CC2=CC=CC=C2O1
20487,C1CCC2C(C1)CCC(=O)O2
20508,C1CCC(CC1)CCO
20534,CCCCC1=CC=CO1
20739,CC(C)C1CCC(CC1)O
20745,CC(CCC=C(C)C)O
20748,COC(=O)C1CCCCC1
20861,CCC1=CC=C(C=C1)C=O
20928,CCCC(C=C)O
20970,C1CSCS1
20995,CCCCCC1=CC=CS1
21057,CCCCC(C=C)O
21059,CCC1=C(C(=O)C=CO1)O
21227,CC1CC(OC1=O)C
21264,CCC(CC=C)C=O
21265,CC(=CCOC(=O)C1=CC=CC=C1)C
21363,C1CCC(CC1)CC(=O)O
21428,CC1CCCC(C1O)C
21596,CCCCCCC(=O)OCCCC
21648,CC(=O)CCC1=CC=C(C=C1)O
21671,CC1=CCC(CC1)C(C)C
21828,CC1SCCS1
22015,CC1=CC(=C(C=C1)C)C=O
22201,CC1=NC=CN=C1C
22202,CCCCCCC(C)CC
22303,CC(=CCCC(C)(C)O)C=C
22310,CC1(CCC(O1)C(C)(C)O)C=C
22311,CC1=CCC(CC1)C(=C)C
22329,CC1SCCCS1
22386,CCCC(C)O
22556,CCCCCCCCCCC(=O)C
22629,CCCCCCOC(=O)C1=CC=CC=C1O
22873,CCCCCCOC(=O)CCCCC
23173,C1CCCCCOCCCCOC(=O)CCCC1
23203,CCCCC=CC=CC=O
23217,CCCCCCCCCCCCCCCC=C
23235,CCCCCCOC(=O)C1=CC=CC=C1
23290,CCCCCC1=CC=C(C=C1)C=O
23347,C1=CSC(=C1)SSC2=CC=CS2
23459,CCCCCCCCCC(C)C
23535,CC(=CCCC(C)(C=C)OC(=O)C1=CC=CC=C1N)C
23556,C1C(=O)C2=CC=CC=C2O1
23642,COC1=CC=CC=C1S
23686,CC1=NC2=CC=CC=C2N=C1
23716,CCCCCCCCCCOC
23719,COC1=CN=CC=C1
23847,CCCC(=O)C(C)C
24020,CCC(C)C(=O)OCC
24114,CCCCOC(=O)C(C)OC(=O)CCC
24116,C=CCOC(=O)C1=CC=CC=C1N
24117,C=CCOC(=O)COC1=CC=CC=C1
24135,CC(=O)C1=C(C=C(C=C1O)OC)O
24139,CC(=O)N[C@@H]1[C@H]([C@@H]([C@H](O[C@H]1O)CO)O)O
24197,CCOC(=O)CC(C(=O)OCC)O
24433,CCCCOC(=O)C1=CC=CC=C1N
24473,CC1CCC(CC1=O)C(=C)C
24513,CCCCCCCCCC(OC)OC
24516,CCCCCCC(=O)OCC(C)C
24583,CCCCCCC(C)C=O
24585,CC1CCC(C(C1)O)C(=C)C
24667,CC(C)(C)C1=C(C=CC(=C1)O)OC.CC(C)(C)C1=C(C=CC(=C1)OC)O
24834,CCOC1=CC=C(C=C1)C=O
24835,COC1=C(C=CC(=C1)CC=C)OC=O
24838,CCCCCCOC(=O)C(C)CC
24915,CCCC(=O)OC(C)(C)CC1=CC=CC=C1
24955,C1=CN=C(N1)C=O
25238,COC1=C(C=CC(=C1)CC=C)OC(=O)CC2=CC=CC=C2
25239,CC(COC(=O)C)C1=CC=CC=C1
25311,CCCCCCCCCCCCC=O
25324,CC(=O)OC1CCC2CCCCC2C1
25325,C1CCC2CC(CCC2C1)OC=O
25403,CCC(=C(C)C)C
25422,CC1=COC(=C1C)C
25612,C=CCCCCCCCCO
25797,CCC1=CN=C(C=N1)CC
25812,CCCCCCC#CC(OC)OC
25913,CCCCCCCCCCCCCC=C
25915,CCC1=NC=C(N=C1)C
25916,CCC1=NC(=CN=C1C)C
25956,C1COC2C(O1)OCCO2
26049,CC1=CCC2C(C1)C2(C)C
26179,CCC(=O)C1=CC=CS1
26204,CC(C)CC(=O)C(=O)C
26289,CC(C)C1=CC=C(C=C1)C#N
26331,CCC1=NC=CN=C1
26332,CCC1=NC(=CN=C1)C
26334,CCC1=NC=C(N=C1C)C
26335,CC1=NC=C(N=C1)C=C
26630,CCCCCC=CC(=O)C
26808,CC1=CN=C(C(=N1)C)C
26839,CCCC(C)CC(C)(C)C
27209,CC1(CCCC2(C1=CC(=O)O2)C)C
27440,CCC1=NC(=CS1)C
27457,CCC1=NC=CN=C1C
27458,CCC1=NC=CN=C1CC
27523,CCC(C)CC=O
27866,CC1CCOC(C1)C=C(C)C
27867,CC1CCC(C(C1)OC(=O)C)C(C)C
27941,CCC(C)(C)C1CCC(=O)CC1
27971,CC(=CC=CC(=O)C)C
28022,CCC(C)CC(C)(C)C
28151,CCCCCCOC(=O)C(=CC)C
28456,CCCCC(C)CCC(C)C
28518,CCC1=NC(=C(N=C1C)C)C
28818,CC1=CC(=C2C(=C1)C(=CC(=O)O2)C)C(C)(C)C
28905,CCC1=NC=C(N=C1CC)C
28906,CCC1=CN=C(C(=N1)CC)C
29025,CC1=CC(=O)C2CC1C2(C)C
29096,CC(CCCC(C)(C)O)C=C
29303,CCCCCCCCCCCCCCCCCCCCCCCCC=C
29381,CCCCCCCCC(C)C=O
29644,CC1=C(OC(=N1)C(C)C)C
29995,CCC1=C(C(=O)NC1=O)C
30214,CC1=C(OC=N1)C
30215,CC1=C(OC(=N1)C)C
30231,C[C@H]1[C@@H]([C@H]([C@H]([C@@H](O1)O[C@@H]2[C@H]([C@@H]([C@H](O[C@H]2OC3=CC(=C(C(=C3)O)C(=O)CCC4=CC(=C(C=C4)OC)O)O)CO)O)O)O)O)O
30247,CC(=CCC(COC(=O)C)C(=C)C)C
30248,CC1CCC(CC1OC(=O)C)C(=C)C
30771,CC(=O)OCCC1CCCCC1
30914,CC(=O)C1=NC=CN=C1
30915,CC1=NC=C(N=C1)C(=O)C
30945,CC1=CCOC1=O
31209,CCCCCC(=CC1=CC=CC=C1)C=O
31210,CCCCOC(=O)CC1=CC=CC=C1
31211,CC(=O)CCC1=CC(=C(C=C1)O)OC
31214,CCOC(OCC)OCC
31219,CCC(=O)OCC1=CC=CC=C1
31225,CCC(=O)OCCC1=CC=CC=C1
31226,CC(=O)OCCCC1=CC=CC=C1
31227,CC(C)CCOCC1=CC=CC=C1
31231,CC(=O)CC1=CC=C(C=C1)OC
31234,C1=CC=C(C=C1)CCCO
31241,CCCCC(CC)C=O
31242,CCC1=CC=C(C=C1)O
31244,COC1=CC=C(C=C1)C=O
31245,CCCC(C)C=O
31246,CCCC(=O)CCC
31249,CCOC(=O)CCC(=O)OCC
31251,CCCCCCCCC(=O)OCC
31252,CC1=CN=C(C=N1)C
31253,CC(=CCCC(=C)C=C)C
31256,CC(=O)CC(C)(C)O
31258,CC(C)CC(C)(C)CO
31260,CC(C)CCO
31261,CC(=O)CC(=O)C
31264,CC1OC(OC(O1)C)C
31265,CCCCCC(=O)OCC
31266,CCCCCC(=O)OCC=C
31268,C1CCNC1
31272,CCCCOC(=O)C
31276,CC(C)CCOC(=O)C
31278,CCCCCCCCCCCCCCCCCC(=O)OCCCC
31283,CCCCCCCCCCCCCC(=O)OCC
31284,CCCCCCCCCCCCCC(=O)OC
31285,CCCCCCCC=C
31289,CCCCCCCCC=O
31291,CCCCCCCCCCCCCC=O
31304,CC(=C)[C@@H]1C2[C@@H]3[C@@]4([C@](C1C(=O)O2)(CC5[C@]4(O5)C(=O)O3)O)C.C[C@@]12[C@H]3C4[C@H](C([C@@]1(C[C@@H]5[C@]2(O5)C(=O)O3)O)C(=O)O4)C(C)(C)O
31374,CC(=O)N(C)C
31404,CC1=CC(=C(C(=C1)C(C)(C)C)O)C(C)(C)C
31408,CC1(C2CC=C(C1C2)CCO)C
31492,CC1C(=NC(O1)C)C
31954,CCC(=O)OCCOC1=CC=CC=C1
32033,CC1SC(SS1)C
32065,CC1CCC2=NC=CN=C12
32093,CC1=NC=CN=C1C(=O)C
32196,CC1NCCS1
32205,CC1CCCC1O
32207,CCCCCC(C)(C=C)O
32594,CC(C)CC1=NC=CN=C1OC
32735,CC1(C2CCC(=O)C1C2)C
32809,CCC=CCCOC(=O)C1=CC=CC=C1
33032,C(CC(=O)O)[C@@H](C(=O)O)N
33135,CCC1=NC=CN=C1OC
33166,CC(C)C1=NC=CN=C1OC
33637,CC1=CC=CC=C1OC
33658,CCC1=CC(=C(C=C1)CC)O
33931,CCC1C(=O)C(=C(O1)C)O
33960,CCCCCC1=CC=CC(=O)O1
34088,CCC1=C(C=NC=C1)C
34286,CC1=C(C=CO1)S
34295,CC1=C(SC=C1)C
34296,CC1=CC(=CS1)C
34337,CC1=C(OC=C1)C
34590,CC(C)C1=NC=CN=C1
34591,CC(C)CC1=NC=CN=C1
34704,CCCCCCCCCCON
34742,CC1C(CCO1)O
35821,CC1=CCCC(C1CCC(=O)C)(C)C
36081,CC(=O)OC1CCC(CC1)C(C)(C)C
36098,CCC1=C(SC(=N1)C)C
36224,CCC1=NC(=CN=C1)C=C
36225,CCC1=CN=C(C(=N1)C)CC
36314,CC1=C2[C@H](C(=O)[C@@]3([C@H](C[C@@H]4[C@]([C@H]3[C@@H]([C@@](C2(C)C)(C[C@@H]1OC(=O)[C@@H]([C@H](C5=CC=CC=C5)NC(=O)C6=CC=CC=C6)O)O)OC(=O)C7=CC=CC=C7)(CO4)OC(=O)C)O)C)OC(=O)C
36628,CCCC1=CC=C(S1)C
36671,CCCC1CCC=C1
36744,CC1=COCC1
36822,C1CCC2=NC=CN=C2C1
37580,CCC1=CC(=NC(=C1)C)C
38415,CCOCC=C(C)CCC=C(C)C
38679,CC(C(=O)C)S
38866,CCC(=CCCC(=CC=O)C)C
39539,CC1=CC(=CN1)C
39655,CC1CSCS1
39738,CC1=CC(OC1=O)(C)C
39801,CC(=O)OCCCCCCCCC=C
40380,CCC1=C(N=CS1)C
40787,CC1=C(SC(=N1)C(C)C)C
40923,CCCC(CCC=C)O
41092,CC1C(C(=O)C(=C1C)C)C
41234,CC(C)(C)C(C)(C)CC1=CC=C(C=C1)O
41270,C1CCCCCC(=O)OCCOC(=O)CCCC1
41306,CCCCCC(C)CCCC(C)CCC
41569,CC1=CC(=C(O1)C)S
42674,CCC1=CC2=C(C=C1C=O)C(CCC2(C)C)(C)C
42745,CC(CCOC(=O)C)CC(C)(C)C
43046,CCCCCCCC(=O)OC1=CC=C(C=C1)C
43551,CCC1=C(C=C(C=C1)C2=CC=CC=C2)CC
43923,CCCCC(CC)CCCC(C)C
44079,CC1=CC2C(C2(C)C)CC1C(=O)C
47167,CC1C(C2=C(C1(C)C)C=C(C(=C2)C)C(=O)C)(C)C
47649,CC1=C(C=CO1)SSC
47922,CC(=CCCC(=CC1OCCO1)C)C
49988,CCCC(=O)OCCC(C)CCCC(C)C
50216,CC(=CCOC(=O)C1=CC=CC=C1O)C
50941,CCOCCC(C)CCC=C(C)C
53517,CCCCC1=NC(=C(S1)C)C
53654,CC1N=C(CO1)C
54841,CC1=CC=CC=C1O[C@H](CCNC)C2=CC=CC=C2
60979,CCOC(=O)C1=CC=C(C=C1)OC
60983,CCCCC(=O)C(=O)C
60985,CC(C)C(=O)OCCC(C)CCC=C(C)C
60990,CC1=CC=C(C=C1)C(C)C=O
60995,COC(CC1=CC=CC=C1)OC
60997,CC1=CC=C(C=C1)OC(=O)CC2=CC=CC=C2
60998,CC(C)COC(=O)CC1=CC=CC=C1
60999,C1=CC=C(C=C1)CC(=O)OCC2=CC=CC=C2
61005,CC(C)C(=O)OCCOC1=CC=CC=C1
61006,CC1=CC=C(C=C1)CC=O
61007,CC(=O)CCC1=CC=C(C=C1)OC
61010,C1=CC=C(C=C1)CCCOC=O
61014,C1CCCCCC(=O)OCCOC(=O)CCCCC1
61015,CCCCCCCCCCCC(=O)OCCCC
61016,CC(CCC=C(C)C)C=O
61020,CC(=CC=O)C
61024,CCCCCCCCOC(=O)C(C)C
61027,CCCCOC(=O)CCCCCCCCC=C
61030,CCCCCCCCOC(=O)CCC
61031,CCCCCCCCCC(C)C=O
61035,CC(=O)OCCCCCCCCCC=C
61040,CC(=CCCC(C)(C=C)OC=O)C
61041,CC1=C(C(CC=C1)(C)C)C=O
61045,CC1=C(C(=CC=C1)C)S
61048,CC(C)COC(=O)C1=CC=CC=C1
61051,C1=CC=C(C=C1)CCCOC(=O)C=CC2=CC=CC=C2
61052,CCC(=O)OCCCC1=CC=CC=C1
61085,CC(C)C(=O)OCCC(C)CCCC(=C)C
61091,CC(C)CC(=O)OCC=CC1=CC=CC=C1
61092,CC(CCCC(=C)C)CCOC=O
61093,CCCC(=O)OCCC(C)CCCC(=C)C
61098,CCC(=O)OC(C)(CCC=C(C)C)C=C
61124,CC1=C(C(CCC1)(C)C)CC=O
61130,CC1(C2CC=C(C1C2)C=O)C
61137,CCCCC(=O)OCCCC
61138,C=CCCC(=O)O
61151,COC1=CC=CC=C1C(=O)OC
61155,CC(=O)OC1=CC=CC=C1OC
61166,CCC(=O)OCC1=CC=CO1
61167,CCCC(=O)OCC1=CC=CO1
61171,CCSC(=O)C
61177,CCCCCCOC=O
61183,CCC(=O)OCC1CCCO1
61184,CCCC(=O)OC(C)C
61185,CCCCCCCC(=O)OCCCCC
61192,CC1=C(SC=N1)CCOC(=O)C
61199,CCC1C(=C(C(=O)O1)O)C
61202,CCCC(CC1=CC=CC=C1)O
61204,CCCCCCC1CCCC(=O)O1
61209,CC1CCC(=O)C1=O
61229,CC(=O)OC1=C(C=C(C=C1)C=O)OC
61235,CCCCCCC(=O)CC
61240,CC(=O)C1=CC=CN1C
61252,C1CSCC1=O
61260,CCC(=O)C1=CC=CN1
61262,CC(=O)OCC1=CCC2CC1C2(C)C
61275,CC1=CCOC(C1)C=C(C)C
61282,CC(C)SCC1=CC=CO1
61293,CCCC(CC(=O)OCC)O
61296,CC(C)CCOC(=O)CC(=O)C
61303,CCCCCCCCCCCCCC(=O)C
61319,CCC(=O)OCC=C
61325,CC1C(=O)C(=C(O1)C)OC
61331,COC1=CC=CC=C1OC(=O)CC2=CC=CC=C2
61337,C=CCOC(=O)C1=CC=CO1
61346,CCCCCC(=O)C=C
61359,CC(C)C1=CC=C(C=C1)CC=O
61361,CCCCC1C2=CC=CC=C2C(=O)O1
61375,CCC(=O)OC1CCCCC1
61384,CCCCCC(=O)OCCC1=CC=CC=C1
61385,CC(C)CC1=CC=CC=N1
61386,CCCCCCCCCCCC(=O)OCCC(C)C
61401,CC(CCC=C(C)C)CCOCC=O
61403,CCCOC(C)OCCC1=CC=CC=C1
61408,CCC(CC)C(=O)OCC=C
61410,CCCCCCCCC(=O)OCC=C
61416,CCCCC(=O)OCCC(C)CCC=C(C)C
61417,CCC(=O)OCC1=CC=C(C=C1)OC
61448,CCC(CC)COC(=O)C
61451,CCCCCCC#CC(=O)OCC
61453,CCCCCCC(OC)OC
61455,CCCCCCOC(=O)CC(C)C
61466,CCOC(=O)CCC1CCCCC1
61467,CCC=CCCOC(=O)C(C)CC
61516,CCC(C)(CCC1=CC=CC=C1)O
61523,C1=CC=C(C=C1)CCCCCO
61527,CC1=CC(=C(O1)C)C(=O)C
61585,CC(=O)C1=CC(=CC2=C1CCC2(C)C)C(C)(C)C
61592,CCOC(=O)CCSC
61633,CC1CC(=O)C(=O)C1C
61641,COC(=O)CCSC
61653,CC1=C(SC(=N1)C)C
61656,CCC(=O)CSC
61657,CC1=CC=C(O1)SC
61658,CC(C)CC(=O)OCC1=CC=CO1
61659,C1=COC(=C1)CSCC2=CC=CO2
61660,CC(=O)SCC1=CC=CO1
61662,CSC(=O)C1=CC=CO1
61663,CC1=CC=C(S1)C=O
61664,CC1C(=O)CCS1
61670,CC1=C2C(=CC=C1)N=CC=N2
61738,CCCCCC(=O)C1=CC=CO1
61743,C=CCCCCCCCC(=O)O
61771,CCC(C)C1CCCCC1=O
61808,CC1=CSC(=N1)C(C)C
61809,CCOC1=NC=CS1
61812,CCCCOC(=O)C(C)CC
61814,CC1=CC(=C(C=C1)C=O)C
61845,CC(CC=O)SC
61918,CCC1=NC=CN=C1C(=O)C
61922,CC(=O)CCSC
61945,C1=CN=C(C=N1)CCS
61953,CC1CCC2(O1)C(=CCCC2(C)C)C
61954,CC1=CC=CC=C1OC(=O)C(C)C
61955,CCCCC(=O)OCC1=CC=CO1
61976,CC1=NC=C(S1)OC
61984,CCCCCCOC(=O)C1=CC=CO1
61985,CCCCCCCC(=O)OCC1=CC=CO1
62003,CCCCCC(C)CCC(=O)O
62024,CCOC(=O)C(C)CC=C
62069,CCC1=NC(=C(O1)C)C
62087,CC(C(C)S)O
62089,CCCCC(C)CCC(=O)O
62098,CC(=O)CCC1=CC2=C(C=C1)OCO2
62131,CSSCC1=CC=CO1
62144,C1=COC(=C1)CSC=O
62237,CCC(C(=O)C)S
62240,CCC(C)(C)C1CCCCC1OC(=O)C
62321,CCCC(=O)OC(C)(CCC=C(C)C)C=C
62326,CC(C(=O)O)S
62328,CCC(=O)OC(C)(C)C1CCC(=CC1)C
62329,CC1=C(C(=C(C(=C1[N+](=O)[O-])C(C)(C)C)[N+](=O)[O-])C)[N+](=O)[O-]
62332,C1=CC=C(C=C1)CCOC(=O)C2=CC=CC=C2O
62334,CC(=O)OC1CCCCC1C(C)(C)C
62336,CC(C1=CC=CC=C1)C(OC)OC
62341,CC(C1=CC=CC=C1)OC(=O)C
62348,COC1=C(C=CC(=C1)CO)O
62351,CSCCCN=C=S
62374,CC1=CC(=O)CC(C1=O)(C)C
62375,COC(C1=CC=CC=C1)OC
62378,CCCCCC1=C(CCC1=O)C
62444,CCCC(=O)SC
62445,CCC(C)COC(=O)CC(C)C
62453,C=CC1=CC=C(C=C1)O
62465,CCC1=CC(=C(C=C1)O)OC
62484,CCC(C(=O)C)O
62510,CC1=C(SC=N1)C
62539,CCC(=O)C(=O)CC
62553,CC(C)OC(=O)CC1=CC=CC=C1
62566,CC(C)[C@@H]1CC[C@@]2([C@H]1[C@@H]3[C@H]2CCC3=C)C
62572,CCOC(=O)CC(C)O
62575,CCCCCCOC(=O)C(C)(C)C
62578,CC(C)CC(=O)OCCCC1=CC=CC=C1
62580,CC(C)C(=O)OCC1=CC2=C(C=C1)OCO2
62583,CCCCC1CCCCC(=O)O1
62592,CCCCCCCOC(=O)CCC
62624,CCCCCCCCOC(=O)C1=CC=CC=C1O
62725,CC(C)CC1=NC=CS1
62752,CCC1=C(C(=O)CC1)O
62835,CC1C(=C(C(=O)O1)O)C
62897,CC(=C)C1=NC=CN=C1
62900,CCCCC1C(CC(=O)O1)C
62901,CCCCCCCCOC(=O)C1=CC=CO1
62902,CCCC(C)C(=O)OCC
64685,CC1(C2CCC1(C(C2)O)C)C
64807,CC(CC1=CC=C(C=C1)C(C)(C)C)C=NC2=CC=CC=C2C(=O)OC
64813,CC(CC1=CC=C(C=C1)OC)C=O
64832,CC(C)(C)C1=CC=C(C=C1)CCC=O
65287,CCC=CCCOC(=O)CC1=CC=CC=C1
65288,CCC(=O)C1=NC=CS1
65290,CC1SCCSS1
65413,CCCC(CCO)SC
65575,C[C@@H]1CC[C@@H]2[C@]13CC[C@@]([C@H](C3)C2(C)C)(C)O
66130,CCC1=NC=CN1
66335,C1CCC2=C(C1)C=CC=N2
66341,CCCCCCCCCC(C)CO
66768,CCCCCCC1=CCCC1=O
66929,CCCOC(C)OCCC
66948,C=C1C=CC(=O)O1
67005,CC1=C(C=C2C(=C1[N+](=O)[O-])C(CC2(C)C)(C)C)[N+](=O)[O-]
67147,CCOC(CC(OCC)OCC)OCC
67285,CC(C)C1=CC2=C(C=C1)N=CC=C2
67350,CC1=C(C(=C(C(=C1C)[N+](=O)[O-])C(C)(C)C)[N+](=O)[O-])C
68057,CC1=CC2=C(C=C1)C(CCC2)(C)C
68079,COC1=C2C=COC2=C(C3=C1C=CC(=O)O3)OC
68126,CC1=CC(=C(C=C1)OC)OC
68135,C1=CSC=C1C=O
68148,C=CCC1=CC=C(C=C1)O
68229,CC1(C=CC2=C(O1)C=CC3=C2OC(=O)C=C3)C
68252,CC1=CC(=C(C=C1)C(C)C)OC(=O)C
68289,C1OC2=C(O1)C=C(C=C2)O
68316,CC(=CCCC1=COC=C1)C
68481,CC(=O)C1=CC=CC=C1OC
68916,CCOC1=CC(=CC(=C1N2C=CC=C2)OCC)CC3=CN=C(N=C3N)N
69091,CC1=CC=C(C=C1)OC(=O)C2=CC=CC=C2O
69144,CC(C)C(=O)C1=CC=CC=C1
69245,C1=COC(=C1)C#N
69320,CCCC1=CC=CC=N1
69334,CC1=CC=C(C=C1)SC
69389,C=CCCO
69467,C1=CSC(=C1)CO
69523,CC(C)C1=CC=CC=N1
69667,C1CC2=CC=CC=C21
69814,CC=CCCO
69963,C=CCCCCO
70130,CC1=CN(C2=CC=CC=C12)C
70153,CCCCCCCCC1=CC=CS1
70209,CCCCCC(=O)C(C)C
70258,C1C(=O)C=CC1=O
70259,CC1=CN=C(N1)C
70481,CC1=CC=CNC1=O
70590,C1=CC(=CC=C1C[C@@H](C(=O)N[C@@H](CC2=CC=C(C=C2)O)C(=O)O)N)O
70738,CCCC1=CC=NC=C1
70752,CCC1=C(C=C(C=N1)C)C
70825,CC(C)(C)C1=CC(=CC(=C1)O)C(C)(C)C
70972,C1=COC(=C1)CC2=CC=CO2
72502,C[C@]12CCCC([C@@H]1CC=C([C@@]2(C=O)O)C=O)(C)C
73771,CCCC1=CC=CS1
73811,CCCCN(CCCC)C(=O)C
73818,CCCCC1=CC=CS1
73830,CC1(CCCC1)O
73881,C=CC1=CC=CO1
74008,CCCCCOC(=O)C1=CC=CO1
74038,CC(=O)C(=O)C1=CC=CO1
74138,CCCCCCCCCCCCCCCCCCCCC=C
74143,CC1=CSC(=N1)N
74201,COC1=CC=CC=N1
74279,CCOC1(CCCCC1)OCC
74346,CCC1=CC=C(O1)C
74408,C1CCCCOCCCCCCOC(=O)CCC1
74477,CC(=C)C1=CC2=C(O1)C=CC3=C2OC(=O)C=C3
74530,CCC1=CSC=C1
74668,C(C(F)(F)F)OC(F)F
74788,CC1=C(N(C2=CC=CC=C12)C)C
75033,C1=CC=C(C=C1)OCC=O
75110,C=C1CC(=O)OC1=O
75187,CC1=CC=C(C=C1)COC(=O)C
75189,CCCCCCCCC(=O)CC
75664,CC1=C(C=CS1)S
76152,CC1=NC=CN=C1SC
76153,CC1=CN=C(C=N1)OC
76662,CCC(=O)C1=CC=CO1
76761,C1=CC=C(C=C1)C2=CC(=CN2)C3=CC=CC=C3
77076,C1CCCCCCC(=O)OCCCCCC1
77129,CC1=NC=CS1
77193,CC1=C(C=C(C=C1)C(=O)C)C
77224,CCCCCC(OCC)OCC
77225,CCCC(OCC)OCC
77260,CC(=C)C(=O)OCCC1=CC=CC=C1
77372,C1CCN(C1)C=O
77408,CCCCCCC1=CC=CO1
77648,CC1=CC(=C(C(=C1)C)OC)C
77837,CC1=CN=C(S1)C
77840,C=CC1=NC=CN=C1
77845,CCCCCCCCC1=CC=CO1
77907,CCCC1=CC=CO1
78405,CCCC1=CN=CC=C1
78741,CCN1C(=CC=C1C)C
78750,CCCCC1=CC=CC=N1
78925,CSCCO
79016,CC1=CC(CC(C1)(C)C)O
79044,CC1=CC2C(C2(C)C)CC1
79045,C1CSSC1
79089,CC1=CSC=C1C
79803,C1CC=NC1
79911,CC1=C(SC=C1)C=O
80208,C1=CC=C(C=C1)CC[N+](=O)[O-]
80321,CC1=NSC2=CC=CC=C12
80395,CC1=C(C=CC(=C1O)C=O)O
80408,C1=CSC(=C1)CS
80551,CCCCCC1=NC=CN=C1
80790,CC1=C(C=C(C=C1)C(C)C)OC
80865,CCOC(=O)CC1(OCCO1)C
81851,CC(SC)SC
82202,C1=CSC=C1S
82227,CC1=CC[C@@H]2C[C@H]1C2(C)C
82436,CCCCCCCCCCCCCCCCCCCCCCC=C
83101,CCC1=CN=CC(=N1)CC
83268,CC(C)CCCC(C)(C)O
83653,CC1=C(SC=C1)C(=O)C
83654,CC1=CSC(=C1)C(=O)C
83655,CC1=CC=C(S1)C(=O)C
84216,CCCC=CC(=O)CC
84398,CC=CC1=C(C=CC(=C1)C(C)C)C
84499,CCOC1=CC=CC=N1
84825,CC1=C(OC=C1)CC=C(C)C
85053,CCC1=NC=CS1
85054,CC(C)C1=NC=CS1
85073,CCC1=CN=C(S1)CC
85224,CCCC1=NC=CN=C1C
85522,COC(=O)CSC
85712,CC(C)CC(CC(=C)C=C)O
85730,CC1C(=O)C=C(O1)C
85734,CC(=CC(CC(=C)C=C)O)C
86015,CC=CC=CCOC(=O)C(C)C
86067,CCCC(CC)C(C)C
86540,CCCC(C)CCCCC(C)CC
86579,CCC(=O)OC1CC2CC1C3C2C=CC3
86592,CC=CC=CC=CC(=O)C
86749,CCC(C)(CCC=C(C)C)O
86751,CCC(C)CCCC(C)(C)O
86799,CCCCCC1COCCC1OC(=O)C
86895,CC1=CC=C(C=C1)[C@@]2(CCCC2(C)C)C
87166,CCCCCCOCC(OC)OC
87198,CCCC1=NC=CS1
87289,CC(=O)OC1=CN=CC=C1
87466,CCCC1=NC=CN=C1
87630,CCCCCCCC=CCO
87637,CCCC1=NC(=CN=C1C)C
87793,CCCCCCC1=CC=CS1
87794,CCCCCCCC1=CC=CS1
87900,CCC1=CC=NC2=CC=CC=C12
88015,CC1(NCCS1)C
88268,CC1=CCC(C(=O)CC1)(C)C
88290,CC(=O)CC(C)(C)S
88454,CCCCCCOC(=O)CC
88556,C[C@@H]([C@@H]1CC[C@](O1)(C)C=C)C(=O)CC=C(C)C
89385,CCC(C)(CCCC(C)C)OC(=O)C
89440,CC1CC(C2=C(C1(C)C)C=C(C(=C2)C(=O)C)C)(C)C
89479,CC1(CCCC23C1CC(CC2)(C(=O)O3)C)C
89560,CCCCCCC(C=C)O
89594,CN1CCC[C@H]1C2=CN=CC=C2
89961,CC1=CN=C(O1)C
89989,CCC1=CC=C(O1)C=O
90190,CCC1=C(N=C(C=C1)C)C
90579,C1=CC(=C(C(=C1)O)O)C=O
90785,CC1CCC2=C(CCC(CC12)C(C)(C)O)C
90787,CCC(C)CC(=NO)CC
90978,CC1(CCC(=O)C2C13CCC(C3)C2(C)C)C
90984,CC1(C2CCC(C1C2)(C)S)C
91147,CCCCC1C=C(CC(O1)C)C
91195,CC1=CC(=O)C2(C1C2)C(C)C
91354,CC1CCC2C1C3C(C3(C)C)CCC2=C
91604,CC(C)(CCCC1=CCC(CC1)C=O)O
91696,CC1C(C2=C(C1(C)C)C=C(C(=C2)C(=O)C)C)C(C)C
91978,CC(C)CCOCCC1=CC=CC=C1
92108,CC1(C2CCC1(CC2)C)C
92138,CC(=C)[C@@H]1C[C@@H](CC[C@@]1(C)C=C)C(C)(C)O
92221,CC1([C@@H]2CC[C@@H](C2)C1=C)C
92231,C[C@@]1(CC[C@@H]2[C@@H]1[C@H]3[C@H](C3(C)C)CCC2=C)O
92313,CC1=C[C@H]2[C@H](CC1)C(=C)CC[C@@H]2C(C)C
92812,C[C@@H]1CC[C@H]2[C@@H]1[C@H]3[C@H](C3(C)C)CC[C@@]2(C)O
92874,CC1=CC(=O)[C@H]2C[C@@H]1C2(C)C
92979,C[C@]12CC[C@H]3[C@H]([C@@H]1CC=C2)CCC4=CC(=O)CC[C@]34C
93073,CC1(C2CCC(C2)C1=O)C
93135,CC1=C(C=C(C=C1)[C@H](C)CCC=C(C)C)O
93199,CC(=CCCC1=CCC(CC1)C=O)C
93231,CC(=C)C(=O)CCC(=C)C=C
93366,CCCC=CC(OCC)OCC
93375,CC1C=C(CCC1C=O)C
93596,CCCCC1=C(SC=N1)C
93597,CCCC1=C(N=CS1)CC
93838,CC1CCC2(O1)C(CCCC2(C)OC(=O)C)(C)C
94060,CC(=CCC(CO)C(=C)C)C
94111,CCOCOC1CCCCCCCCCCC1
94143,CC1=CCCC(C1C=O)(C)C
94147,CC(C)[C@@]12C[C@@H]1C(=C)[C@@H](C2)O
94164,CC(=CCCC1(C2CC3C1(C3C2)C)C)C
94174,C[C@@H]1CC[C@H]2[C@@H]1C3[C@H](C3(C)C)CC[C@]2(C)O
94234,CC(C)CCCC(C)CCCC(C)CCCC(=C=C)C
94321,CCCCCCCCCCCCCCC(C)CC
94334,C[C@@]12CCCC(C1=CC[C@@](CC2)(C)O)(C)C
94373,CCC(=O)C=CC=C(C)CCC=C(C)C
94453,CC(C)C1CCC2CC(CCC2C1)O
94569,CCCCC1OC(CC(O1)(C)C)C
95266,CC1CC(OC(O1)CC2=CC=CC=C2)(C)C
95910,CC(=O)CC1=CC=CC=N1
95978,CCCCCOC(=O)CC(C)C
97676,C1=NN=C(S1)NCNC2=NN=CS2
97829,CC1=CCC2(CCCC(C23C1C3)(C)C)C
98118,CC(CCCC(C)(C)O)CC=NC1=CC=CC=C1C(=O)OC
98330,C1C(SCC(S1)O)O
98403,CC(CCCC(C)C=O)CCC=C(C)C
99856,CC1CCC2CC3=C(CCC13C2(C)C)C
99868,CCCCCC(CCCC)O
100768,CC(=O)C1=C(C=C2C(=C1)C=CC(O2)(C)C)O
100990,CC(C)C1=CC=C(C=C1)COC(=O)C
101003,CC1=NC=CN=C1SCC2=CC=CO2
101004,CC1=CN=C(C=N1)SCC2=CC=CO2
101010,CCCC1CCOC(S1)C
101115,CC1(CCCC(C1=O)(C)O)C
101549,CC1CC(C=C(C2C1CC(=C(C)C)C2)C)O
101604,CC(=O)OCCC1=CCC2CC1C2(C)C
101716,CC1CCC2C1C3C(C3(C)C)CCC2(C)O
102024,CC1=CC[C@H](C[C@H]1OC(=O)C)C(=C)C
102459,CC(C)CCCC(C)CCCC(C)CCCC(C)CCO
102495,CCCCCCC(C)CO
102515,CCCCC(C)C=O
102567,CC1CCC(C(C1)OC(=O)CC2=CC=CC=C2)C(C)C
102604,CC(CCCC(=O)C)CCC=C(C)C
102816,CCCCCCCC1CCCO1
102849,CCOC(C)OCCC1=CC=CC=C1
102861,CCCCCC1C(CCC1=O)CC(=O)OC
103212,CC1=CCC(C1(C)C)CCC(C)C(C)O
103379,CCC=CCCOC(=O)C1=CC=CC=C1O
103401,CCC(C)C1=CC2=C(C=C1)N=CC=C2
103607,CC1=CCCC(C1C=CC(C)OC(=O)C)(C)C
104421,CCOC1=NC(=CN=C1)C
104471,CC(C)CCC1(OCC=CCO1)C
104513,CC1=C(SC(=N1)CC(C)C)C
104638,CCCC1=C(C=NC=C1)C2=CC=CC=C2
104721,CC1=CN=C(C(=N1)C)C(=O)C
105179,CCOCC1=CC=CC=C1OC
105516,CC(C)(C)C(=O)OCCC1=CC=CC=C1
105595,CCC(=O)OC(C)(C)CC1=CC=CC=C1
105764,CC1=CC=C(C=C1)OCC=O
106443,CCC1=CN=C(C=N1)OC
106673,CC1C2CC(C1(C)C)CC2C3CCC(CC3)O
106827,CC1CC(=CC(C1C=CC(=O)C)C)C
106997,CCC1(C(C2CCC1(C2)C)(C)C)O
107412,C[C@]12CC[C@H]3[C@@]4(CCCC([C@H]4CC[C@@]3(C1)C=C2)(C)C)C
108244,CCCCCCOC(C)OCC
108501,CC1N=C(CS1)C
108504,CCC=CCCOC(C)OCC
108505,CCCCCC(=CC1=CC=CC=C1)C(OCC)OCC
108506,CCC(C)CCC(C)(CC)OC(=O)C
108507,CC(=CCCC(C)(C=C)OC)C
108515,CCOC(=O)C(=O)OCCC(C)CCC=C(C)C
109116,COC(=O)OC1CCCCCCC1
109387,CC1=CCCC(C1C=CC(=O)C(C)C)(C)C
109420,CCC(=O)CCC1C(=CCCC1(C)C)C
109455,CC1COC(O1)C2=CC(=C(C=C2)O)OC
109457,CCOC1=C(C=CC(=C1)C2OCC(O2)C)O
110745,CC1CCC2(C1C3C(C3(C)C)CCC2C)O
110747,CC(C)CCCC(C)CC=O
110848,CCCCCCCCCCC(C)CC
112446,CCC(=CCCC(=CC#N)C)C
114454,CCCCCCC1CCCC1=O
114506,CC(C)C1CC[C@H]2C(C1)CC[C@@H]3[C@@]2(CCC[C@@]3(C)CO)C
114703,CC(=O)C1=C(C=C2C(=C1)C=CC(O2)(C)C)OC
117549,CCCCCC1=CCCC1=O
118134,CC(C)C1CCC2CC(=O)CCC2C1
118181,CCCC=CCC1CCCC1=O
118292,CCOC(=C)C1C(CC(=O)CC1(C)C)(C)C
118950,CC(C)CC1=CN=C(C=N1)OC
119304,C1CCC(CC1)C(CCN2C(C(=O)NC2=O)CCCCCCC(=O)O)O
119831,CC1CCC2C13CC(C2(C)C)C(=C)C(C3)O
119838,CC1=C(C(=O)C(CO1)O)O
120766,CCCCC1(NCCS1)C
120772,CCCCCCCC1NCCS1
121536,CC1=C[C@H]2[C@@H](CC1)[C@](CCCC2(C)C)(C)O
121646,C1CC2C(C1)C3CC2CC3=CCCC=O
121694,CCC1=C(OC(=N1)C)C
121719,CC1(C2CC1C(=C)C(=O)C2)C
121790,CCCCCCC(C(=O)C)C(=O)OCC
122380,CCCC1=NC(=CN=C1)C
122383,CCCC1=NC=C(N=C1)C
122510,CC1CCC2C13CC(C2(C)C)C4(C(C3)O4)C
122576,CCC1=CSC(=N1)CC
122941,CCOC1=NC=CN=C1C
133337,C=CC1SCC=CS1
135442,C=CC1=CC=CC=C1O
136123,C1CCC2CC2CC1
136335,C1CCSSC1
136500,CC1=CC=NS1
136739,C1CCCC=CCCC1
137075,CCC1=CC=CN1
137113,CCC1=NC2=CC=CC=C2C=C1
137980,CC1=CN=CS1
138179,CCCCCC1=CCCC1
138180,CCCCCCC1=CCCC1
138443,CC1=CC=C(C2=CC=CC=C12)CCl
138459,CCCCC1=CC=NC=C1
138872,CC1=CC=CC(=N1)C(=O)C
138961,CC1=COC(=N1)C
139399,C1CCCCC=CCCCC1
140650,CCCCC#CCCC
140765,C1C=COC1=O
141581,CCCCCCC(=O)C1=CC=CS1
141582,CCCCCCCC(=O)C1=CC=CS1
142266,CC(=O)CC(=O)OCC1=CC=CC=C1
145742,C1C[C@H](NC1)C(=O)O
146586,CC(=CCS)C
146884,CCC1NCCS1
146885,CCCC1NCCS1
147326,CCCCC1NCCS1
150636,C=CC1CC=CSS1
153903,CC1=C(OC=C1)C=O
155708,CCOC1=C(C=CC(=C1)C=O)OC(=O)C
158410,CCC(=O)OCC(C)(C)CC1=C(CCC1C(=C)C)C
158411,CCOC(C)OC1=C(C=C(C=C1)C=CC)OC
159055,C[C@@]12CC[C@@H](C1(C)C)CC2=O
160707,CCOC(C)(C)CCCC(C)CC=O
160799,CC1=C[C@H]2[C@@H](CC[C@]([C@@H]2CC1)(C)O)C(C)C
161949,CC1(CCCCCCCCCCC1)OC
161993,CCCC1C2CC(C1C=O)C=C2
162027,CCOC(C)OC(C)(CCC=C(C)C)C=C
162030,CCCCCC1C(CCC1=O)CC(=O)C
162053,CC(CCCC(C)(C)OC)C(C)O
162061,COCOC1CCCCCCCCCCC1
162213,CC1CCC2=C1CC3(CCC2C)C(O3)(C)C
162292,CC1=C(SC=N1)C(=O)C
162293,CCC1=C(N=C(S1)C)C
163263,C[C@]12CCCC([C@@H]1CC[C@@]([C@@H]2CC[C@](C)(C=C)O)(C)O)(C)C
165258,C[C@]12CCC[C@@]([C@@H]1C[C@@H](CC2)C(C)(C)O)(C)O
165536,C[C@@H]1CCCC2=CC(=O)[C@@H]3[C@H]([C@@]12C)C3(C)C
165675,C[C@H]1CC[C@@H]([C@H](C1)O)C(C)C
167519,CC1([C@@H]2CC[C@]3(C2)[C@H](CC[C@@H]3C1=C)CO)C
169110,CC(=O)C1=NCCS1
169570,CC(=CC[C@@H]1C[C@@H](C2=CC=CC=C2C1=O)O)C
169991,CCC1=CN=C(C(=N1)CC)CC
170398,CC(C)CCCC(=CCO)C
170833,C[C@@H]1CC[C@H]([C@@H](C1)O)C(=C)C
171455,CC(C)[C@H]1CC[C@]2(CCCC(=O)[C@]2(C1)C)C
175854,C(/C=C/CO)O
177773,CC1=CCC2(CCC(=C2CC1)C(C)C)C
181106,CCCCCCC(=O)C=C
181173,CC(=CC[C@@H]1CC(=O)C2=CC=CC=C2C1=O)C
181287,CC1C(=NC(S1)C)C
181887,C=CC1=COC=C1
182198,CCC1=NC(=C(N=C1CC)C)C
182502,CCC=CCC(=O)C=C
185199,CC1=CC=C(C=C1)C(C)(CCC=C(C)C)O
185226,CCN1C=CC=C1
193761,CCC1=C(N=C(C(=N1)CC)CC)CC
205986,CCC=CCC(C=C)O
208908,CS(=O)(=O)CCNCC1=CC=C(O1)C2=CC3=C(C=C2)N=CN=C3NC4=CC(=C(C=C4)OCC5=CC(=CC=C5)F)Cl
214134,CCCC1=C(N=CO1)C
216442,COC(=O)C1=CC=CC=C1N=CC=CC2=CC=CC=C2
218690,CCCCCC1NCCS1
219672,CC(C)CC(=O)CC1=CC=CC=C1
219893,C(C(C(C(C1C(C(C(=O)O1)O)O)O)O)O)O
219904,CC(=O)OCC1C(C(C(C(O1)OC2(C(C(C(O2)COC(=O)C)OC(=O)C)OC(=O)C)COC(=O)C)OC(=O)C)OC(=O)C)OC(=O)C
220674,C[C@@H]1CC[C@H]([C@@H](C1)OC(=O)C)C(C)C
221641,CCCOC(=O)CC1=CC=CC=C1
221691,CCCCCCOC(=O)CC1=CC=CC=C1
223165,CC(C)NCCCNC1=C2C=CC(=CC2=NC=C1)Cl
226486,COC1=CC(=CC(=C1O)OC)CC=C
227829,C[C@H]1CC[C@H](CC2=C1CC[C@@H]2C)C(C)(C)O
228583,CC(=O)CC1=CC=CO1
228588,CCCC(=O)C1=CC=CO1
228593,CCCCCCCC(=O)C1=CC=CO1
228769,CCCCCCCCOC(=O)CC(C)C
228987,CC(CC1=CC=C(C=C1)C(C)(C)C)C=O
229377,CCCCCCC(=O)OCCC
229385,CCCCCCCCCCOC(=O)CC
229387,CCCCCCCCCCOC(=O)CCC
229888,CCCCCCCC(=O)OCCC1=CC=CC=C1
231325,CCCCC(=O)C1=CC=CO1
231327,CCCCCCC(=O)C1=CC=CO1
235414,C1CCCCCCCOC(=O)CCCCCC1
237332,C1=C(OC(=C1)C=O)CO
238797,CC(C)C1=CC(=O)C(=CC=C1CC=C(C)C)O
240119,CC(C)CC(=O)OC(C)(CCC=C(C)C)C=C
240925,CC1=CC(=C(C(=C1)OC)O)OC
242567,CC1=CC2=NC=CN=C2C=C1
243675,CCCC(=O)OCC1=CC=C(C=C1)OC
243783,CCCC(=O)OC1CCCCC1
246728,CCCCCC(=O)CC
247477,CCC1=C(C=C(C(=C1)C)C)O
248488,C(CCCCS)CCCCS
249494,CC(CCCC(C)(C)O)CCO
250096,C/C=C(\C)/C(=O)OCC1=CC=CC=C1
251529,CC(=CCCC(C)(C=C)OC(=O)CC1=CC=CC=C1)C
251531,C1=CC=C(C=C1)CCOC(=O)C2=CC=CO2
255146,CCCC(=O)C1=CC=C(O1)C
258383,CCC1=CNC=C1
261160,CCN1C=CC2=CC=CC=C21
285097,CCCCCCC1(CCC(=O)O1)C
287357,CCCC=CC=CCCC
287439,CC(C)CC(=O)OC1CCCCC1
289151,CC1(CCCC2(C3C1C(C2=C)CC3)C)C
289964,CC1CCC=C(C12CCC(C2)C(C)(C)O)C
294853,CCCC1=C(NC2=CC=CC=C21)C
298071,CC1=CCC2C(CCCC2(C1CO)C)(C)C
303710,CC1CCSCS1
303711,CC1CC(SC(S1)C)C
304113,CCCCCC(=O)N(CCCC)CCCC
324305,CCC1=CNC2=CC=CC=C21
329983,CC1CCC2=C(C1)OC=C2C
341779,CC(=CCCC1(C2CCC(O1)(CC2)C)C)C
351795,C1=CC=C2C(=C1)C(=CN2)CC#N
360253,CC1=CC(=C(C=C1)[C@H](C)CCC=C(C)C)O
387977,CC1CCC2C13CC(=C(C)C)C(O3)(C=C2C)O
395057,CC1=CC(=CC=C1)NC2=CN(C(=O)NC2=O)CCOC3=CC=CC=C3
429065,CCOC(=O)/C=C/C
439250,CC1=CC[C@H](CC1)C(=C)C
439263,C[C@@H]1CC[C@H]([C@H](C1)O)C(C)C
439570,CC1=CC[C@H](CC1=O)C(=C)C
440909,C[C@]1(CC[C@H]2C(=C1)CC[C@@H]3[C@@]2(CCCC3(C)C)C)C=C
440917,CC1=CC[C@@H](CC1)C(=C)C
440967,CC1([C@H]2CCC(=C)[C@@H]1C2)C
440968,CC1=CC[C@H]2C[C@@H]1C2(C)C
441005,CC1=C[C@H]2[C@@H](CCC(=C2CC1)C)C(C)C
442347,CC1=CC[C@]2(CC[C@@H]([C@]2(CC1)O)C(C)C)C
442355,CC1=CCC2C3C1[C@@]2(CCC3C(C)C)C
442363,CC(C)[C@H]1CC[C@]2([C@]13CC[C@](O3)([C@H](C2)O)C)C
442427,C[C@H]1CC[C@H]2[C@@H]1COC(=O)[C@H]2C
442463,CC1=CCC2C(=O)C1C2(C)C
442471,C[C@H]1CC2=C(C(=CO2)C)C(=O)C1
443162,CC1=CC[C@H](CC1)C(C)(C)O
443167,C[C@H]1CC[C@H](CC1=O)C(=C)C
443470,CC(C)C1=CC2=CC[C@@H]3[C@@]([C@H]2CC1)(CCCC3(C)C)C
443474,CC(C)C1=CC2=CC[C@H]3[C@](CCC[C@@]3([C@H]2CC1)C)(C)CO
443479,CC(C)C1=CC2=CC[C@H]3[C@](CCC[C@@]3([C@H]2CC1)C)(C)C=O
444305,[C@@H]([C@H](C(=O)O)O)(C(=O)O)O
444539,C1=CC=C(C=C1)/C=C/C(=O)O
444683,CC[C@H](C)O
444972,C(=C/C(=O)O)\C(=O)O
445070,CC(=CCC/C(=C/CC/C(=C/CO)/C)/C)C
494311,CC1CCC(C(C1)OC(=O)C)C(=C)C
517045,CC(=O)[O-].[Na+]
517055,C1=CC=C(C=C1)C(=O)[O-].[Na+]
517762,CC1=C(N=C(C(=N1)C)CCC(C)C)C
517827,CC(C)C1=CC=C(C=C1)CC(C)C=O
517859,CC1=CC(=C(O1)C)C
518719,CCCCCCC(C)CC=C
518785,CC1CCC23CC1C(C2CCC3C)(C)C
518802,C1=CC=C(C=C1)C2=COC=C2
518838,CC1=NC(=CN=C1)C=C
518856,CCC1=C(N=C(S1)CC)C
518937,CSCC1=CC=CO1
518975,CC1CCC2=C(C=CC(=C2C1)C(C)C)C
519073,CCCC1=CSC=C1
519203,CC1=NC=CN=C1C(C)C
519250,C1=CC2=C(NC(=O)N2)N=C1
519332,C1=CC=C2C(=C1)C=NC(=N2)N
519363,C1=CC=C(C=C1)C2=CC=CO2
519382,CC1=C(C(CCC1)(C)C)CCC(=O)C
519385,CCC(C)CCCCCCC(C)C
519400,CCCCCC(CCC)CCCC
519408,CCC(=O)C(=C(C)C)C
519519,CCC1=NC=C(C=C1)C
519539,CCC(C)C1=NC=CS1
519566,CC1=NC=C(N=C1C)CCC(C)C
519642,C=CC1=CC=CS1
519709,CCOC(=O)C(C)S
519726,CCCC1=NC=NN1
519732,CCC1=CN=C(S1)C
519743,CC1CCC2(C(=C)C3CCC2(C1C3)C)C
519786,CC(C)CCOC(=O)C(C)C
519793,CSCCCCO
519845,CCCC(CC(=O)OC)O
519857,CC1CCC(C2C1(CCC(=C2)C)O)C(C)C
519890,CCCC(C)C(=O)OC
519960,CC(C)C1CCC2(C3C1C4C2(C4C3)C)C
519966,CC(C)C1=CCC(=CC1)CO
520098,CCC(C)C1=NC=CN=C1OC
520108,CC(=O)C1=NC=CS1
520119,CC(CCS)S
520148,CCC(C)C(=O)OCCC1=CC=CC=C1
520182,CCCCCCCCC(C)CCCC
520191,CC1=CC(=C(S1)C)C(=O)C
520194,CC(=O)C1=CCCCN1
520264,CCCCCC(=O)C1=CC=CS1
520296,CCCCCCCCCC1CCCC(=O)O1
520300,CC(=O)C1=NCCCC1
520420,CCCCC(=O)C=C
520568,CCC1=CSC(=N1)C
520574,CCC(=O)C1=CC=CC=N1
520585,CC1=CN=C(C(=N1)CC(C)C)C
520687,CC1(CCCC2(C1CCC34C2CCC(C3)C(=C)C4)C)C
520722,CCC1=NC=CN=C1OCC
520888,CC1=C(SC(=N1)C)C(=O)C
520895,CCC1SC(SS1)CC
520942,CC1CC(OC1)C
520990,CCC1=CC=C(S1)C
521037,CCCCCCCCCCC=CCC
521080,CCCC1=NC(=C(S1)C)C
521185,CC1(CC2C(C1)C3(CCCC2(C3O)C)C)C
521191,CC1=C(N=C(C(=N1)C)CC(C)C)C
521238,CCCCCC(CC)OC(=O)C
521246,CC(C(=O)C)OC(=O)C
521257,CCCCCCC(C)CC=C(C)C
521294,CCC1=CC=C(S1)CC
521300,CCC(=O)CO
521318,CC1=CC23CCC4C(CCCC4(C2CCC1C3)C)(C)C
521383,CCC1=C(SC(=N1)CC)C
521384,CCC1=C(SC=N1)C
521504,CCCCC1=CC=C(S1)CC
521567,CCCCCCCC(CCC)CCCCC
521755,CCCCC=CC=CC
521790,CCC(=O)C(C)O
521888,CC1C(S1)C
522038,CCC(C)CCCCCC(C)(C)C
522039,CCCCCC(C)CC(C)C(C)C
522181,C1CSSCCS1
522214,CCC(C)C(=O)OC(C)C
522542,CCCCCCC(C)C=C(C)C
522556,CCCCCCCCCC1CC1
522673,CC1=CCC(CC1)C(C)(C)OC(=O)C(C)C
522674,C1=CSC(=C1)S
522676,CCCCCCCCC(=O)OCCC(C)C
522724,CC1=CC(=O)CC(C1C=CC(=O)C)(C)C
522777,CC1=CC=CC(=C1O)C=O
522807,CCCCC1=NC(=C(O1)C)C
522834,CC(=O)C1=NCCC1
522877,CCC1=NC(=C(S1)C)C
524171,CC(=O)C1CCSS1
525339,CSCCC(SC)SC
525372,CC1CCSC(S1)C
525446,CC1CCSS1
526176,C1=COC(=C1)C2=CC=CS2
526177,CC1=C(CCO1)S
526181,CC1OC2(C(S1)CCO2)C
526182,C1C2=CC=CN2C=CS1
526183,CC12C(CCO1)SCS2
526184,CC12C(CCO1)SCO2
526185,CC(C1=CC=CO1)S
526186,C1=COC(=C1)C2=NC=CS2
526188,CC1CC=C(S1)C=O
526189,CC1(C(=O)CCS1)OC
526190,CC1(CCCS1)S
526191,C1CC(SC1)S
526618,CC1=C(C=CO1)SC
526619,CC1=C(C=CS1)SC
526622,CC1SC(SSS1)C
526624,CC1=C(C=CO1)SSC2=C(OC=C2)C
526950,CC1=COC(=C1)C=O
527032,CC1=CCC2C(C1C2(C)C)O
527268,CCOC1=C(C=CC(=C1)C(C)C)C
527393,CC(CC(=O)C)S
528105,CCC(C)CC1=NC(=C(N=C1C)C)C
528106,CCC(C)CC1=CN=C(C(=N1)C)C
528110,CCCCCC1=CN=C(C(=N1)C)C
528116,CCOC1=NC=C(N=C1C)CC(C)C
528136,CC1=NC(=CN=C1SC)CC(C)C
528137,CC1=NC(=CN=C1OC2=CC=CC=C2)CC(C)C
528138,CC1=NC(=CN=C1SC2=CC=CC=C2)CC(C)C
528305,CCCCCCC1=NC=CN=C1OC
528313,CCCCC1=NC=CN=C1OC
529344,CC(=C)C1=CC(=NC=C1)C(=O)C
529345,CC(C)C1=CC(=NC=C1)C(=O)C
529352,CC(=C)C1=NC=CC(=C1)C(=O)C
529355,CCCC1=NC=C(C=C1)C2=CC=CC=C2
529395,CC1C(C=CS1)S
529436,CC1CCCC2=C(C=C(C=C12)C)C
529437,CC(C)C1=NC=CN(C1=O)C
529481,CCCCCC(=O)C(C)C(=O)C
529492,CC1=C(N2C(=NN=C2N)C=N1)C
529536,C1C(=O)C=CO1
529623,CC1CSC(S1)C
530404,CC1CCC2=NC(=CN=C12)C
530420,CC1CC23CCC4C(CCCC4(C2CCC1C3)C)(C)CO
530426,CC1CCC2C(C2(C)C)C3=C1CCC3C
535856,CC1=CN=C(N=C1)C
537682,CC(C)CCOC(=O)C(=O)C
538506,CC(C)CCOC(=O)CCC1=CC=CO1
538972,CC(=O)C1=NC=CN1
539829,CC(C)C(=O)OC1=C(C=C(C=C1)C=O)OC
543323,CC(CCCC(=C)C)CCO
543565,CCCC1C(O1)CO
545093,CCC1(CC1)O
545319,CC(C)(C)C(C)(C)N=[N+]=[N-]
548353,CC(C(C)S)S
549519,CC(CC=C)C(=O)O
551316,CCCC(=O)OCC1CCCO1
556940,CCOC(=O)CCSCC1=CC=CO1
557222,CCCCCC(=O)OCC1=CC=CO1
564934,CC1(CCCC2(C3C1C4C2(C4C3)C)C)C
565690,CC1CCC(C(C1)OC(=O)CC(C)C)C(C)C
568054,CC1CCSC1C
568152,CCOC1=CN=CS1
570574,CCCC(=O)OC(C)C1=CC=CC=C1
574068,CC1=C(OC(=N1)CC(C)C)C
574100,CCCCC(=O)C1=CC=CS1
574807,CCCCC1=NC(=CS1)C
574813,CC1=CSC(=N1)CC(C)C
575308,COC1=CN=CS1
575451,COC1=NC=CS1
576026,CC(C)CC=C(C=O)C1=CC=CC=C1
576240,CC(C)C(=O)OCC(C)C1=CC=CC=C1
576263,CCCC(=O)OCC(C)C1=CC=CC=C1
579338,CCN1C=CC=C1C=O
579998,CCC1=C(OC(=N1)CC)C
580375,CCCC1=NC(=C(O1)C)CC
580407,CCC(=O)C1=CC=C(S1)C
580707,CCCCC1=NC(=C(O1)C)CC
580964,CC1C(=NN(C1=O)C)C
580975,CC1CC(=O)C(C1=O)C
583432,CC1=NC=CN2C1=CC=C2
583433,CC1=CN=CC2=CC=CN12
588182,CCCC1=CSC(=N1)CCC
590596,CC1=CN=C2CCCCC2=N1
595385,CC1CCC(=C2C1CCC(=C2)C)C(C)C
595928,CC1COC(O1)C2=CC=CC=C2
605629,CC(C)(C)C1=CC=C(C=C1)CC(=O)OC
637511,C1=CC=C(C=C1)/C=C/C=O
637563,C/C=C/C1=CC=C(C=C1)OC
637564,C/C=C/C=C/C=O
637566,CC(=CCC/C(=C/CO)/C)C
637758,CCOC(=O)/C=C/C1=CC=CC=C1
637759,CC(=O)/C=C/C1=CC=CC=C1
637776,C/C=C/C1=CC(=C(C=C1)OC)OC
637796,C/C=C/C1=CC2=C(C=C1)OCO2
637920,C/C=C/C(=O)C
637922,C/C=C/CO
638011,CC(=CCC/C(=C/C=O)/C)C
638014,CC1=C(C(CCC1)(C)C)/C=C/C(=O)C
638024,C1CCN(CC1)C(=O)/C=C/C=C/C2=CC3=C(C=C2)OCO3
638066,CC/C=C/CC
638079,C1CCC/C=C\CC1
638132,C/C=C/C(=O)OC
639662,CCCC/C=C/C
640704,CC1=C(C(=O)CCC1)O
641248,C/C=C/CCCO
641256,C/C=C/C=C/CO
641423,C=CCOC(=O)/C=C/C1=CC=CC=C1
643139,CC/C=C/CC=O
643731,CC/C=C\CC/C=C/C=O
643820,CC(=CCC/C(=C\CO)/C)C
643836,CCCC/C=C\C
643941,CC/C=C\CC=O
697993,C1=CC=C2C(=C1)NC(=S)S2
736889,CC(=O)/C=C/C1=CC=C(C=C1)OC
778574,CC(C)COC(=O)/C=C/C1=CC=CC=C1
853433,C/C=C/C1=CC(=C(C=C1)O)OC
876160,C/C=C/C1=CC(=C(C=C1)OC(=O)C)OC
969516,COC1=C(C=CC(=C1)/C=C/C(=O)CC(=O)/C=C/C2=CC(=C(C=C2)O)OC)O
1268142,C[C@@H]1CC(=O)C=C2[C@]1(C[C@@H](CC2)C(=C)C)C
1376636,CCC1=C(C2=CC=CC=C2N1)C
1549018,CC/C=C\CC1=C(CCC1=O)C
1549019,CC/C=C/CC1=C(CCC1=O)C
1549025,CC(=CCC/C(=C\COC(=O)C)/C)C
1549026,CC(=CCC/C(=C/COC(=O)C)/C)C
1549044,C/C=C\C1=CC2=C(C=C1)OCO2
1549045,C/C=C\C1=CC(=C(C=C1)OC)OC
1549109,CC(=CCC/C(=C\CC/C(=C/CO)/C)/C)C
1549521,C1=COC(=C1)/C=C/C=O
1549778,CC(=CCC/C(=C/CCC(=O)C)/C)C
1550470,CCOC(=O)/C=C/C=C/C
1550846,C1=CC=C(C=C1)/C=C/C#N
1550886,C/C=C\C1=CC(=C(C=C1)OCC2=CC=CC=C2)OC
1550890,C1=CC=C(C=C1)/C=C/COC(=O)/C=C/C2=CC=CC=C2
1551246,CC(=CCC/C(=C/C#N)/C)C
1711945,CC(=CCC/C(=C/CC/C(=C/CCC(=O)C)/C)/C)C
1712058,CCCCC/C(=C/C1=CC=CC=C1)/C=O
1713001,CC(=CCC/C(=C\CCC(=O)C)/C)C
1715135,CCCCCC/C(=C/C1=CC=CC=C1)/C=O
1757003,CC(=CCC/C(=C/C=C/C(=O)C)/C)C
2723636,CC(=O)OC[C@@H]1[C@H]([C@@H]([C@H]([C@H](O1)OC(=O)C)OC(=O)C)OC(=O)C)OC(=O)C
2733294,CCC/C=C/COC(=O)C
2758778,CCOC1=NC=CN=C1
2891533,COC1=C(C=C(C=C1)C2CC3=C(C(NC4=CC=CC=C4N3)C5=CC=CC=C5C(F)(F)F)C(=O)C2)OC
3014018,CC1(CC=C(C(=O)O1)C2C3=CC=CC=C3C(=O)O2)C
3014647,CC1=CC=C(O1)C=C
3015925,CCCCC1=NC=CS1
3015979,CCCC(CC=O)SC
3016852,CCC1=CN=C(C=C1)CC
3018907,CC(C)C(=O)OC(C)CC(=C)C
3033030,CC(CCC=C(C)C)CC#N
3033845,CC(=O)OC1[C@]2(CC[C@@H](C2)C1(C)C)C
3034034,COC1=CC2=C(C=CN=C2C=C1)[C@H]([C@@H]3C[C@@H]4CCN3C[C@@H]4C=C)O
3034394,C[C@]12CCCC([C@@H]1CCC(=C)[C@@H]2CC[C@](C)(C=C)O)(C)C
3080635,CC1=COC2=C1C[C@H]3C(=C)CCC[C@@]3(C2)C
3081930,CC1=COC2=C1C(=O)[C@@H]([C@@](C2)(C)C=C)C(=C)C
3084331,CC1=C[C@H]2[C@@H](CC[C@]([C@H]2CC1)(C)O)C(C)C
3243055,CC1CC(CN(C1)CCCNC(=O)COC2=CC(=O)N(C3=CC=CC=C32)C)C
3303496,CC(=O)ON1C(CC(C1(C)C)C(=O)OC)(C)C
3321360,CC1CCCC(=O)C1=O
3333144,CCCCC1=CC=C(O1)C
3348031,CC(=O)C1=CSC=N1
3354132,CC1=C(C(=O)C=CO1)OC(=O)C(C)C
3578033,CC1=CC=C(O1)C(C)CC=O
3734338,CCC1=CC=CC=C1S
3801618,CCC1=CC2=CC=CC=C2N1
3826198,CC1=CC=CN1C
4047281,CCOC(=O)COC1=CC=C(C=C1)C
4340379,CC1CCC2C13CCC(C(C3)C2(C)C)(C)OC=O
4564493,CC1=C(C(=O)CO1)O
4682590,CC(=O)CC(C)(C)SC
4715025,C1CCNC(C1)C2=CC=CO2
5084146,CCCCOCC1=CC(=C(C=C1)O)OC
5271566,CCOC(=O)/C=C\C(=O)OCC
5271574,CCCCCCOC(=O)/C=C/C(=O)OCCCCCC
5273465,CCCCOC(=O)/C=C/C1=CC=CC=C1
5273467,CC(C)CCOC(=O)/C=C/C1=CC=CC=C1
5280435,C[C@@H](CCC[C@@H](C)CCC/C(=C/CO)/C)CCCC(C)C
5280450,CCCCC/C=C\C/C=C\CCCCCCCC(=O)O
5281162,CCCCC/C=C\C=C\C(=O)OCC
5281163,CCOC(=O)/C(=C/C)/C
5281167,CC/C=C\CCO
5281168,CCC/C=C/C=O
5281515,C/C/1=C\CCC(=C)[C@H]2CC([C@@H]2CC1)(C)C
5281520,C/C/1=C\CC(/C=C/C/C(=C/CC1)/C)(C)C
5281553,CC(=CC/C=C(\C)/C=C)C
5281929,CC/C=C\C[C@@H]1[C@H](CCC1=O)CC(=O)OC
5282108,CC1=CCCC(C1/C=C/C(=O)C)(C)C
5282110,CC(=O)OC/C=C/C1=CC=CC=C1
5283316,CCCC/C=C/C=O
5283318,CC/C=C/CCC=O
5283321,CC/C=C/C=C/C=O
5283324,CCCCC/C=C/C=O
5283329,CCC/C=C/C=C/C=O
5283335,CCCCCC/C=C/C=O
5283339,CCCC/C=C/C=C/C=O
5283345,CCCCCCC/C=C/C=O
5283349,CCCCC/C=C/C=C/C=O
5283356,CCCCCCCC/C=C/C=O
5283361,CCCCCCCCC/C=C/C=O
5283363,CCCCCCCCCC/C=C/C=O
5283366,CCCCCCCCCCC/C=C/C=O
5284503,CC/C=C/CCO
5284507,CC(=CCC/C(=C/CCC(C)(C=C)O)/C)C
5285231,CC1=CC=C(C=C1)/C=C/2\CCC3=C2OC(=C(C3C4=CC=C(C=C4)C)C#N)N
5311110,C([C@H]([C@H]([C@H](C=O)O)O)O)O
5314126,C1=CC=C(C=C1)/C=C/Br
5315347,C/C/1=C\CC/C(=C/C2C(C2(C)C)CC1)/C
5315892,C1=CC=C(C=C1)/C=C/CO
5316217,CC1=COC2=C1CC([C@](C2)(C)C=C)C(=C)C
5316534,CC(=CCC/C(=C/CCC1=COC=C1)/C)C
5318042,CCC/C=C/CO
5318599,CCCCC/C=C/CO
5319754,CC/C=C(\C)/C=O
5320250,CC(=CC/C=C(/C)\C=C)C
5321950,C/C=C(\C)/C=O
5322026,C/C=C/C#CC#CC#CC#CC=C
5322111,C/C/1=C/CCC(=C)C2CC(C2CC1)(C)C
5323650,C/C=C/C=C/C(=O)OC
5324489,CCC/C=C\CO
5324797,CC1=CSC(=N1)C(=O)C
5352162,CCCC(=O)OC/C=C(/C)\CCC=C(C)C
5352435,CC(=CCC/C(=C/C(OC)OC)/C)C
5352438,CCCC(=O)OCC/C=C\CC
5352451,CC(C)(/C=C/CC(C)(C=C)O)O
5352463,CCC/C=C/COC(=O)CC
5352539,CC/C=C\CCOC(=O)C(C)C
5352543,CCCCCC(=O)OCC/C=C\CC
5352626,CC/C=C\CC1CCCC(=O)O1
5352698,C/C=C/C#CC#C/C=C/C=C/C=C
5352700,CC#CC#CC#C/C=C\C=C\C=C
5352703,C/C=C\C#CC#CC#CC#CC=C
5352704,CC#CC#CC#CC#C/C=C\C=C
5352707,C/C=C/C#CC#C/C=C/C=C\C=C
5352710,CC/C=C\C/C=C\C/C=C\CCCCCC=C
5352755,CCCCC/C=C/C=C
5352808,CC/C=C\C/C=C\CC=O
5352825,CC/C=C/CC(C)O
5352833,CC/C=C\CC(C)O
5352836,CCC/C=C\CCCO
5352837,CC/C=C\CCCCO
5352876,CC/C=C/C=C/C(=O)C
5352899,CCC/C=C/1\C2=CC=CC=C2C(=O)O1
5354359,C/C=C/C(=O)OC(C)C
5354499,C/C/1=C\CCC(=C)C2CC(C2CC1)(C)C
5354833,CCCCCC/C=C\C=O
5354834,CCCCCCC/C=C\C=O
5354882,CC(=CCC/C(=C\COC=O)/C)C
5354883,C1=CC=C(C=C1)/C=C/COC=O
5355254,CCCC(=O)OC/C=C/C1=CC=CC=C1
5355715,C/C(=C/C(=O)OC)/C(=O)OC
5355850,CCC(=O)OC/C=C/C1=CC=CC=C1
5355851,CC(C)C(=O)OC/C=C/C1=CC=CC=C1
5355858,CC(=CCCC(C)(C=C)OC(=O)/C=C/C1=CC=CC=C1)C
5356352,C/C=C(/C)\C(=O)OC
5356544,CC(=CCC/C(=C\CC[C@@](C)(C=C)O)/C)C
5356572,C/C=C\C(=O)C
5356796,CCCCC/C=C\C
5357002,C/C=C(\C)/C(=O)OCCC1=CC=CC=C1
5357258,CCC/C=C\CC
5357259,CCC/C=C/CC
5362563,CC1=C(SC(=N1)C)C=C
5362572,CC1=NC=CC(=N1)C(=O)C
5362588,CCC(C)C(=O)/C=C/C
5362620,CCCCC/C=C\CCC=O
5362622,CC/C=C/CC(=O)OCC
5362661,CC(C)C/C=C(/C=O)\C(C)C
5362697,CCCCC/C=C(/CCCC)\C=O
5362720,CC/C=C\CCCCC=O
5362751,CCCCCCC/C=C/CC
5362798,CCCCC/C=C\CCCO
5362811,CC/C=C/CCCCCO
5362814,CC/C=C\CCC=O
5362830,CC(C)CC(=O)OC/C=C(\C)/CCC=C(C)C
5362833,CC/C=C\CC/C=C/CO
5363229,CCCC/C=C/C(=O)C
5363233,CCCCCC/C=C/C(=O)C
5363299,CC(/C=C/C(C)O)O
5363388,CC/C=C\CCOC(=O)C
5363491,C/C=C/C=C/COC(=O)C
5363817,CC1=CCCC(C1/C=C/C(C)O)(C)C
5364231,CC/C=C\CCOC(=O)C(C)O
5364430,CCCCCCCC/C=C/CCCCCCCC(=O)OCC
5364447,CCCCC/C=C/CCCC
5364448,CCCCC/C=C/C
5364451,CCCCCCC/C=C\C
5364452,CCCCCCCC/C=C/C
5364532,CCCCC/C=C/C(=O)OC
5364559,CCCCCCC/C=C/C
5364578,CCC/C=C/C(=O)C
5364590,CCCCCC/C=C/C
5364599,CCCCCCCC/C=C/CCCCCCCC
5364729,C/C=C(\C)/C(=O)OCC=C
5364752,CC/C=C/C=O
5364920,CC/C=C/CO
5364941,CCCCCC/C=C/CO
5364942,CCCCCCC/C=C/CO
5364959,CCCCC/C=C\CO
5365027,CCCCCC/C=C\CO
5365049,CC/C=C\CCOC(=O)CC
5365587,CC/C=C\CCOC=O
5365589,C/C=C\CCCO
5365612,C1CCCC/C=C\CCC1
5365811,CCC(=O)/C=C/C
5365882,C/C=C/C(=O)OCCC(C)CCC=C(C)C
5365909,CC/C=C(\C)/C(=O)O
5365976,CC1=CCCC(C1/C=C/C(=O)CCC=C)(C)C
5365982,CCC(=O)OC/C=C(/C)\CCC=C(C)C
5366038,CCCCCCOC(=O)/C=C/C
5366044,CC(=CCC/C(=C/COC(=O)CC1=CC=CC=C1)/C)C
5366074,C/C=C/C(=O)C1=C(C=CCC1(C)C)C
5366244,CC(C)CCCC(C)CCCC(C)CCC/C(=C/CO)/C
5366264,CC(=C)/C=C/CC(C)(C=C)O
5366352,CC/C=C\CCOC(C)OCC
5366844,CCCCC/C=C/CC(=O)OC
5367249,C1/C=C\C=C/C=C\C1
5367382,C/C=C/C/C=C/C=C
5367530,CCCCCCC/C=C/C=C/C=O
5367681,CC/C=C\CCOC(=O)CC(C)C
5367682,CCCCC(=O)OCC/C=C\CC
5367698,CC/C=C\CCOC(=O)CC1=CC=CC=C1
5367706,CC/C=C\CCOC(=O)C1=CC=CC=C1
5367766,C/C=C(\C)/C(=O)OC/C=C/C1=CC=CC=C1
5367785,C/C=C(\C)/C(=O)OC/C=C(\C)/CCC=C(C)C
5367806,C/C=C(\C)/C(=O)OCC(C)C
5368076,CCCCCC/C=C/C(=O)OC
5368821,C/C=C(\C)/C=C/C=C(C)C
5369379,C1=CC=C(C=C1)/C=C\Br
5369459,C1=CC=C(C=C1)CCOC(=O)/C=C/C2=CC=CC=C2
5369483,C/C=C/C=C/1\C(=CCCC1(C)C)C
5369742,C/C=C/C=C\1/C(=CCCC1(C)C)C
5370101,CC(=C/C=C/C(=O)C)C
5370103,CC1=CCCC(C1/C=C(\C)/C(C)O)(C)C
5371002,CC1CC=C(C(C1(C)C)/C=C/C(=O)C)C
5371102,CC/C=C\CCOC(=O)C1=CC=CC=C1O
5371946,C/C=C/C1=CN=C(C=N1)C
5372353,CC/C=C\CCOC(=O)C1=CC=CC=C1N
5372813,C/C(=C\C1=CC=CC=C1)/C=O
5460221,CCCCCCCC/C=C\CCCCCCCC(=O)[O-]
5460332,CCCCC/C=C\C/C=C\CCCCCCCC(=O)[O-]
5462814,C(=O)(N)/N=N/C(=O)N
5462825,CCCCCCCC/C=C/CCCCCCCC(=O)OCCCC
5463228,COC(/C=C/C1=CC=CC=C1)OC
5463450,CC(C)CC/C=C(\C)/C=C
5463452,CC(C)CC/C=C(/C)\C=C
5463682,C/C=C(\C)/C(=O)OCCC(C)C
5463904,CCCCCCC/C=C/C(=O)OCC
5463934,CC(C)C/C=C(\C=O)/C1=CC=CC=C1
5464156,CC(=CC[C@@H](CO)C(=C)C)C
5470187,C/C/1=C\CC(/C=C/C(=O)/C(=C/CC1)/C)(C)C
5702654,CCCCC/C=C/CCC=O
5705112,C1=CC=C(C=C1)/C=C/COC(=O)C2=CC=CC=C2
5803450,CCC(=O)/C=C/C1=CC=C(C=C1)OC
5832948,C/C/1=C/CC2C(CC2(C)C)C(=C)CCC1OC(=O)C
5875646,CCCCCC/C(=C/C#N)/C
5956805,CC(=CCC/C(=C/COC(=O)CC(=O)C)/C)C
6005821,CCCCC/C(=C\C1=CC=CC=C1)/C(OC)OC
6008958,CC/C=C/CCCCO
6076971,CCCCC/C(=C/C1=CC=CC=C1)/CO
6086514,CC(C)C(=O)OC/C=C(\C)/CCC=C(C)C
6112709,C/C(=C\CCC(C)(C)OC(=O)C)/C=C
6114390,C/C=C/C1=CC(=C(C=C1)OC(=O)CC2=CC=CC=C2)OC
6259976,CC/C=C/1\C2=CC=CC=C2C(=O)O1
6321405,C[C@@]12CC[C@@H](C1(C)C)C[C@H]2O
6386037,C/C=C(\C)/C(=O)OCCC(C)CCC=C(C)C
6386962,CCC(C)C/C(=N/O)/CC
6393846,C/C(=C\C1=CC=CC=C1)/CO
6427091,C[C@H]1CCC(C2C1=CCC(=C2)C)C(C)C
6427789,CC/C=C\C=C\C(=O)C
6427880,C[C@@H]1S[C@@H](SS1)C
6427969,C[C@@H]1CO[C@H](O1)CS
6428317,CC1([C@@H]2CC[C@@]3(C2)C(C1=C)CCC3O)C
6428327,CC1([C@@H]2CC[C@@]3(C2)C(C1=C)CCC3=O)C
6428436,C[C@H]1C2CC[C@@](C3C1CCC(C23)(C)C)(C)O
6428456,C[C@H]1[C@@H](CC2CC1C2(C)C)O
6428458,COC(=O)/C=C\C1=CC=CC=C1
6428588,C[C@@H]1CCC2C1CC3CC[C@@]2(OC3(C)C)C
6428782,CCC/C=C\C=O
6428794,C1C=CCSSS1
6428802,CC1=NC2=C(CCC2)N=C1C
6428810,C[C@H]1S[C@@H](SS1)C
6428814,CC1=C(SC=C1)CC(=O)C
6428815,C1CC2=NC=CN=C2C1
6428816,C[C@H]1S[C@@H](SSS1)C
6428817,C[C@@H]1S[C@@H](SSS1)C
6428834,CCC1SC(SS1)C
6428863,CC1=CN=C(C(=N1)CCC2=CC=CC=C2)C
6428864,CC1=CN=C(C=N1)CCC(C)C
6428865,CC1=CN=C(C=N1)CCC2=CC=CC=C2
6428866,CC1=CN=C2CCCC2=N1
6428867,CSCCCC1=NC=CN=C1
6428926,CC1=C(OC=C1)CC2C(O2)(C)C
6428927,CC1=CCC2(CC1C2(C)C)O
6428928,CC(=CC/C=C(\C)/CC=O)C
6428929,CC(=O)C(CC1=CC=CC=C1)O
6428930,CSC/C(=C/C1=CC=CO1)/C=O
6428935,CC1=CC=C(O1)CSC
6428937,C1C=COCC1=S
6428961,CC1=CCC2(CC=CC(C23C1C3)(C)C)C
6429043,CC(C)C12CC1C(C=C2)C=O
6429080,C[C@@H]1CC[C@H]([C@H]([C@@]12CCC(=C2)C)O)C(C)C
6429126,CC1=C(N2CCCC2=C1)C=O
6429218,CC1=CN=C(C(=N1)C)OC
6429261,CCCCC/C=C\C=C/C=O
6429263,CC/C=C\C=C/C=O
6429264,CCCC/C=C\C=C/C=O
6429273,CC1CCC2=NC=C(N=C12)C
6429275,CCC1=CN=C2CCCC2=N1
6429278,CCN1C=CC=C1C
6429280,CC1CC(C2=NC=CN=C2C1)C
6429300,C[C@@H]1CC[C@H]2C[C@@]3(C1CC[C@@H]3C)OC2(C)C
6429333,C/C=C(/C=O)\C1=CC=CC=C1
6430307,CC/C=C\CC(C=C)O
6430770,C/C/1=C\CC/C(=C/C/C=C(\C=C\C(CC1)C(C)C)/C)/C
6430826,CC(=CC(=O)CC(=C)C=C)C
6430950,C/C=C\C/C=C/C=C
6431042,CCCCC/C=C\CC=O
6431044,CC/C=C\CC(=O)C
6431148,C/C=C/CCCCCCCC=O
6431481,CC([C@@H]1CC[C@](O1)(C)C=C)C(=O)C
6433214,CCCC/C=C/1\C(=C(C(=O)O1)C)C
6433547,CC/C(=C/CCC(C)(C=C)O)/C
6434275,CC(C)C/C=C(/CO)\C(C)C
6434513,CC(=CCC/C(=C\CC[C@@](C)(C=C)OC(=O)C)/C)C
6434518,CC(C)C/C(=C/CCC(C)(C=C)O)/C
6435040,CC(C)CCOC(=O)/C=C(\C)/CCC=C(C)C
6435059,CCCCC/C(=C\C1=CC=CC=C1)/C=NC2=CC=CC=C2C(=O)OC
6435060,CC(CCCC(C)(C)O)/C=C/N1C=CC2=CC=CC=C21
6435824,C/C=C\C(=O)OCC(C)C
6435841,CC/C=C/CC1=C(C(=O)CC1)C
6435903,C/C=C/CCCCCCCC(=O)OC
6435914,CC(C)/C=C(/C=O)\C1=CC=CC=C1
6436348,C/C/1=C\CC(=C(C)C)C(=O)C/C(=C/CC1)/C
6436486,CCC/C=C/C(OC)OC
6436517,CCCCC/C=C\C=C/C=C
6436890,CC(=CCC/C(=C/C=C(\C)/C(=O)C)/C)C
6436989,CC(=CCC/C(=C/COCC=O)/C)C
6437125,CC(=CCC/C(=C/COC(OC/C=C(/CCC=C(C)C)\C)CCCCCCCCC=C)/C)C
6437138,CC(=CCC/C(=C/C=NC1=CC=CC=C1C(=O)OC)/C)C
6437648,CCC(C)C(=O)OC/C=C(\C)/CCC=C(C)C
6437735,CCCCCOC1=C(C=C(C=C1)/C=C/C)OC
6450832,CC1CCC2(O1)C(=C)C=CCC2(C)C
6451245,CC1=CC=CC=C1C(O)O.C(C(CO)O)O
6515677,C1CCCC/C=C\CCCCC(=O)OCCCC1
6539249,C1C2=CC=CC=C2[C@@H]([C@@H]1O)NC(=O)[C@H](OC/C=C/C3=CC4=C(OCO4)C=C3)[C@H](O)[C@@H](O)[C@@H](OC/C=C/C5=CC6=C(OCO6)C=C5)C(=O)N[C@H]7C8=CC=CC=C8C[C@H]7O
6539287,CC1=C(SC(=N1)C)C2=NC(=NC=C2)NC3=CC=CC=C3C(F)(F)F
6566020,C[C@H]1CC[C@@H]([C@@H](C1)O)C(C)C
6950273,CC(=O)O[C@H]1C[C@@H]2CC[C@]1(C2(C)C)C
6971144,C/C=C(\C)/C(=O)[O-]
6993580,CCOC(=O)[C@@H]([C@H](C(=O)OCC)O)O
6997366,CCC/C=C/C(=O)[O-]
6999977,CCCCOC(=O)[C@H](C)O
7067459,C[C@@]12CC[C@H]3[C@@H](CC3(C)C)C(=C)CC[C@@H]1O2
9543187,C[C@@]12CCC(C1(C)C)CC2=O
9551283,CCOC1=C(C=CC(=C1)/C=C/2\C(=NOC2=O)C)OCC3=CC=C(C=C3)F
9820261,C1C[C@H]2CN(CCN2C[C@@H]1COC3=CC=C(C=C3)F)C4=NC=C(C=N4)F
9855795,C[C@@H]1CCC=C2[C@]1(C[C@@H](CC2)C(=C)C)C
9980734,CC1([C@@H]([C@H](C2=CC(=C(C=C2O1)[N+](=O)[O-])NC(=O)CC3=CC=C(C=C3)OC)NC4CC4)O)C
10439470,CC(=O)OC1=C(C=C(C=C1)C[C@@H](C(=O)OC)NC(=O)CCC(=O)N[C@@H](CC2=CC(=C(C=C2)OC(=O)C)OC(=O)C)C(=O)OC)OC(=O)C
10857465,C[C@]12CCCC([C@@H]1CC[C@@]3([C@@H]2CCO3)C)(C)C
10910653,C[C@@H]1CCC2=C(CC[C@@H]3[C@H]([C@H]12)C3(C)C)C
10953492,CC1=CN(C=N1)C(=O)C
10964417,CC1=CN(C=C1)C
10964588,C[C@H](CCC=C)C=C(C)C
10969850,C[C@@H]1CC[C@H]2C[C@@H]1C2(C)C
11106485,C[C@@H]1CC[C@@H]2[C@]13CCC(=C)[C@H](C3)C2(C)C
11241545,CC(=CCC/C(=C/CC[C@](C)(C=C)O)/C)C
11264038,CC1=C(C(CCC1)(C)C)/C=C\C(C)O
11276107,C[C@@H]1CC[C@H]([C@H]2[C@]13[C@@H]2[C@@](CC3)(C)O)C(C)C
11323257,C[C@]12CCCC([C@@H]1CCC(=C)[C@@H]2CCC(=C)C=C)(C)C
11332852,CC/C=C\CCC1(CCC(=O)O1)C
11413787,C[C@@H]1CC[C@H]([C@@H](C1)OC(=O)CC(=O)C)C(C)C
11434978,CC1=CC=C(O1)/C=C/C=O
12242815,C[C@]12CCC(C1(C)C)C[C@@H]2O
12281271,C=CCC1=CNC2=CC=CC=C21
12306047,CC1=C[C@@H]2[C@H](CC1)C(=CC[C@H]2C(C)C)C
12313020,CC1=C[C@@H]2[C@H](CC1)C(=C)CC[C@H]2C(C)C
12365893,CC/C=C\C=O
12463483,CCCC=S
12480741,C[C@H]1CC[C@H]([C@]12CC=C(C(=O)C2)C)C(C)C
12487714,CCC1SC(SC(S1)CC)CC
12547675,CC1=NC=CO1
12658395,COC(=O)[C@@H](CC1=CN=CN1)N.Cl
12669071,CCC1=C(N=C(C(=N1)C)CC)C
12859587,C[C@@]12CC[C@@H](C1(C)C)C[C@H]2OC
13068663,CC1=CN=C(C=C1)C(=O)C
14030006,CCCCCCC(O)C/C=C\CCCCCCCC(=O)OCC(OC(=O)CCCCCCC/C=C\CC(O)CCCCCC)COC(=O)CCCCCCC/C=C\CC(O)CCCCCC
14249191,CC(C)C(CO)S
14252428,CC1=CC(=S)CC1
14863276,CC1=C(C=CN=C1)C(=O)C
15090463,C1=CC=C(C=C1)CCC(=O)CO
15215769,CC(=O)C1=CC=C(N1)Br
15241357,CC1CCC2C(=C(C(=O)O2)C)C1
15461361,CC/C=C\CCOC(=O)/C(=C/C)/C
15558051,C1=CC=C(C=C1)COC(=O)/C=C\C2=CC=CC=C2
16220107,CCC(=S)OCC=C
16220109,CC/C=C\CCOC(=O)/C(=C\C)/C
16220111,C[C@@H]1CC[C@@H]2[C@@]13C[C@H](C2(C)C)C(=C(C3)C(=O)C)C
16394480,C[C@]12CCCC(C1CC[C@@]([C@@H]2CCC(C)(C=C)O)(C)O)(C)C
16654881,CCOC(=O)C1C2CC=CC2C3=C(N1)C(=CC=C3)O
16746345,CC1=CC(=O)OC2=C1C(=CC(=C2C(CCN3CCN(CC3)C4=CC=CC=C4)C5=CC(=C(C(=C5)OC)OC)OC)OC)OC
17750987,C[C@H]1CC[C@H]2[C@@]13CC=C(C(C3)C2(C)C)C
17980124,CN1CCC(CC1)C2=CN(C3=C2C=C(C=C3)O)C
18185507,CCC(S)SC(CC)S
20111820,C[C@@H]1CC[C@@H](CC[C@@H](/C=C/C1)C)C(C)C
20705014,CC1=NC=CC(=C1)C(=O)C
21070732,COCC(=O)NC1=CC=C(C=C1)N2CC(OC2=O)CNC(=O)C3=CC=C(S3)Cl
21690291,C1C2=NC=CN=C2CS1
22034852,C=CCOC(=O)CC1CCCCC1
22758948,CC(C)CC1=C(SC=N1)OC
23003513,CC1=CC(=NC(=C1)C)C(=O)C
23079628,CC(C)C/C=C(/COC(=O)C)\C(C)C
23623868,C[C@@]12CC[C@@H](C1(C)C)C[C@H]2OC=O
23725022,CCCCCCCCCCCCCCCCCC(=O)OC[C@H](C1[C@@H]([C@H](CO1)O)O)O
24181353,CC(C)N(CCOC1=CC=CC=C1CC2=CC=C(C=C2)F)CCCl.Cl
24758199,CC1CCC2C13CCC(C(C3)C2(C)C)(C)OC
24832090,CC(C)CC(=O)O[C@@H]1CC2CC[C@]1(C2(C)C)C
24832102,C/C(=C/CC[C@@]1(C2C[C@@H]3C1(C3C2)C)C)/CO
24847856,CC1C(C(C(C(O1)CO)O)OC2C(C(C(C(O2)COC3C(C(C(CO3)O)OC)O)O)OC)O)O
44246385,CCCN1CC2=C(NC1)N(C(=S)NC2=O)CCC(C)(C)C
44267476,CC(=O)OC1=C(C=C(C=C1)C[C@@H](C(=O)OC)NC(=O)CC(=O)N[C@@H](CC2=CC(=C(C=C2)OC(=O)C)OC(=O)C)C(=O)OC)OC(=O)C
44267505,CC(=O)OC1=C(C=C(C=C1)C[C@@H](C(=O)OC)NC(=O)CCCCC(=O)N[C@@H](CC2=CC(=C(C=C2)OC(=O)C)OC(=O)C)C(=O)OC)OC(=O)C
44295019,CC1=CN(C(=O)NC1=O)C2CC(C(O2)COP(=O)(NC(C)(C)C)OCCSC(=O)C(C)(C)C)N=[N+]=[N-]
44295166,CCCCN(CCCC)P(=O)(O)OCC1C(CC(O1)N2C=C(C(=O)NC2=O)C)N=[N+]=[N-]
44295191,CC1=CN(C(=O)NC1=O)C2CC(C(O2)COP(=O)(N3CCCCC3)O)N=[N+]=[N-]
44295195,CC1=CN(C(=O)NC1=O)C2CC(C(O2)COP(=O)(NC3=CC=CC=C3)OCCSC(=O)C(C)(C)C)N=[N+]=[N-]
44295255,CC1=CN(C(=O)NC1=O)C2CC(C(O2)COP(=O)(NC(C)C)OCCSC(=O)C(C)(C)C)N=[N+]=[N-]
44296909,C[C@@H]1C2[C@H](C(=O)N2C(=C1S[C@@H]3CCO[C@@H]3CNC(=O)OC(C)OC(=O)C)C(=O)[O-])[C@@H](C)O.[Na+]
44316955,C[C@@H]1[C@@H]2[C@H](C(=O)N2C(=C1S[C@H]3C[C@H](NC3)CSC4=C(C=CC=N4)C(=O)NC)C(=O)O)[C@@H](C)O
44473057,CC1CCCN(C1)CCC2=C3C(=CC=C2)NC=C3S(=O)(=O)C4=CC=CC=C4
44559813,C[C@@]12CCCC([C@H]1CC[C@@]34[C@H]2CC[C@@H](C3)C(=C)C4)(C)C
44567200,C[C@@H]1CC[C@H]2[C@]13C=CC[C@]3(CC2(C)C)C
44583885,C/C/1=C\CC/C(=C/C[C@@]2(CC[C@@](O2)([C@H](CC1)O)C)C(C)C)/C
44630108,CC(=O)O[C@H]1C[C@H]2CCC1(C2(C)C)C
45099717,CCCC(C)C1=CN=C(C(=N1)C)C
45357805,CC(=CCCC(=CCC/C(=C/CCC(C)(C=C)O)/C)C)C
45588468,C1=C(C2=NC=C(C(=O)N2N1)C(=O)O)Br
46318132,CC1=CC(=C(N=C1)Cl)NC(=O)OC(C)(C)C
46318138,C=CCC1=C(N=C(C=C1)N2CCCC2)F
46318195,CC1=CN=C2C(=C1)C(=CN2)CNC(=O)OC(C)(C)C
46969855,CC1(C(=O)NC(=O)N1)CCC(=O)NC2=CC(=C(C=C2)N3CCCCC3)F
53364408,CC1=CC(=NC(=C1)N)C[C@@H]2CNC[C@@H]2OCCNCC(C3=CC(=CC(=C3)Cl)F)(F)F
53424270,CC(CC(=O)OC(=C)C)CC(C)(C)C
53424309,CCCCCCCC=C(CCCCCC)C=O
53445261,CCCCCCC(CCO)O.CC(=O)O
54287882,C1CCC2C(C1)N=CC=N2
54534595,CC1([C@H]2CCC([C@@H]1C2)(C)O)C
54603882,C1=CC=C(C=C1)/C=C\COC(=O)C2=CC=CC=C2N
54676860,C(C(C1C(=C(C(=O)O1)O)O)O)O
54686104,CCCCCCN1C2=CC=CC=C2C(=C(C1=O)CC3=CC=CC=C3)O
54686434,COC1=C(C=C(C=C1)CNC(=O)C2=C(C3=C4C(=CC=C3)CCCN4C2=O)O)OC
54687404,CC1=CC=C(C=C1)CN2C=CC(=C(C2=O)CC3=CC=CC=C3)O
54688873,CCC[C@]1(CC(=C(C(=O)O1)[C@H](CC)C2=CC(=CC=C2)NS(=O)(=O)C3=NC=C(C=C3)C#N)O)CCC4=CC=CC=C4
54692916,CCCN1C2=CC=CC=C2C(=C(C1=O)C(=O)NCC3=CC(=C(C=C3)OC)OC)O
54693835,CCN1C(=O)C(=C(CC2C3=CC=CC=C3CCN2)O)C(=O)N(C1=S)CC
56642893,CC1=C(C(=O)N(N1C)C2=CC=CC=C2)N\3C(=O)CS/C3=N\N/C=C/4\C=CC=CC4=O
56642963,CC(=O)OC1=C(C=C(C=C1)/C=N\NC2=NN=CN2N)OC.Cl
56972450,CC1=C(OC(=NC(=O)C2=CC=CC=C2)N1C)C3=CC=CC=C3
57339298,CC(C)[C@@H]1CC[C@]2([C@@H]3[C@H]1C2C(=C)CC3)C
57350395,CCCCC(CC=O)SC
57501472,C[C@@H]1CC[C@@]2([C@]13CCC[C@]3(C=C2C)C)C
58108415,CC(C)(C)C1=CC2=C3C=CC(=C(C4=CC=C(N4)C5=CC(=CC(=C6C=CC7=C(N6)C8=C(C=C7)C=CC(=N8)C(=C1)C2=O)C5=O)C(C)(C)C)C9=CC(=CC(=C9)O)O)N3
58757170,CC1=C(N=C[CH]1)C
58962550,CCN(CC)S(=O)(=O)C1=CC(=C(C=C1)NC(=O)C)C
59287268,C1=CC2=NC(=CN2C(=C1)Br)C(=O)O
71190062,CC1=CC(=CC2=C1NC(=C3C(=CC=NC3=O)NCC(C4=CC=CC=C4Cl)O)N2)N5C=CN=C5
71299776,C/C(=C\CCC1(C2CCC(C2)C1=C)C)/COC(=O)C.C/C(=C\CCC1(C2CC3C1(C3C2)C)C)/COC(=O)C
71311522,CCC1([C@]2(CC[C@H](C2)C1(C)C)C)O
71450836,CC1=CC(=CC(=C1OCCN2CCCCC2)C)C3=CC4(CCC5=C4C=CC(=C5)O)C6=C3C=C(C=C6)O
71587038,C[C@@H]1CC(=O)C[C@H]2[C@]1(C[C@@H](CC2)C(=C)C)C
73894741,C1=CC=C(C=C1)C(=O)OCCNS(=O)(=O)C2=CC=C(C=C2)N
73894743,CN(C)C(=S)SCC(=O)NC1=CC=C(C=C1)S(=O)(=O)O
73894747,CCN(CC)CCCNC1=CC=CC2=C1SC3=CC=CC=C23
73904640,C1CCC(CC1)[C@H](C(=O)O)NC(=O)CC2=CC=C(C=C2)F
73930353,COC(=O)[C@@H]([C@@H]1CCCC(=O)C1)NC(=O)C(C2=CC=CC=C2)C3=CC=CC=C3
76851050,CCC1=CN=C2CC=CCC2=N1
76973551,[2H][13C]([2H])([2H])OC1=CC(=C2C(=C1)C=CC=N2)NC(C)CCCN.OP(=O)(O)O.OP(=O)(O)O
76973773,[2H][13C]([2H])([2H])OC1=C(C=C2CC[C@@H]3[C@@H](C2=C1)CC[C@]4([C@H]3CC[C@@H]4O)C)O
77960946,CC(C)CNC(=O)C1=CC2=C(C=C1NC(=O)C3C=NC4=CC=CC=C4C3=O)NCC2
78688508,CC1C2=C(C=CC(=C2)C(=O)COC(=O)CNC(=O)C3=CC=CO3)NC1=O
86293603,CCCCCC[C@@](C)([C@H]1CC[C@@H]2[C@@]1(CC[C@H]3[C@H]2C[C@@H]([C@@H]4[C@@]3(CC[C@@H](C4)O)C)OC(=O)[C@@H](CC(=O)NCCOCCOCC(=O)NC5=C(C(=C(C=C5)OC)C(=O)N)O)N)C)O
86692947,CC(C)C(=O)C1=CN=C2C=CC(=CC2=C1NC3CCC(CC3)NC(=O)OC(C)(C)C)C4=CC(=C(C(=C4)Cl)O)OC
87633364,CCCCCCCCCCCC(=O)CC(=O)N[C@H]1[C@H]([C@@H]([C@H](O[C@@H]1OCCOP(=O)(OCC=C)OCC=C)CO[C@H]2[C@@H]([C@H]([C@@H]([C@H](O2)COC(=O)OCC=C)OP(=O)(OCC=C)OCC=C)OCC[C@H](CCCCCCC)OC)OC(=O)CCCCCCCCC/C=C\CCCCCC)OCCOP(=O)(OCC=C)OCC=C)OCCCCCCCCCC
89798545,C[C@@H]1[C@H](/C=C/O[C@@]2(C(=O)C3=C(O2)C(=C(C4=C3C(=O)/C(=C/NN5CCN(CC5)C)/C(=C4C)NC(=O)/C(=C\C=C\C([C@@H]([C@H]([C@H]([C@H]([C@@H]1OC(=O)C)C)O)C)O)C)/C)C)C)C)OC
90488844,C1C[C@H](N(C1)C(=O)[C@@H]2CCCN2C(=O)[C@@H]3CSSCCC(=O)N[C@H](C(=O)N[C@H](C(=O)N[C@@H](C(=O)N[C@H](C(=O)N[C@H](C(=O)NCC(=O)N3)CC4=CNC5=CC=CC=C54)CCCNC(=N)N)CC6=CC7=CC=CC=C7C=C6)CC8=CNC=N8)CCC(=O)O)C(=O)N[C@@H](CCCCN)C(=O)N[C@@H](CC(=O)O)C(=O)N
90821858,CCCN(CCNC(=S)NCCN(CCNC(=S)NCC1C2CCCCO[C@@H]3C([C@H](C(C(O3)CO)O[C@@H](O1)C([C@H]2O)O)O)O)CCNC(=S)NCC4C5CCCCO[C@@H]6C([C@H](C(C(O6)CO)O[C@@H](O4)C([C@H]5O)O)O)O)CCNC(=S)NC(CO[C@H]7C([C@H]([C@@H](C(O7)CO)O[C@H]8C([C@H]([C@H](C(O8)CO)O)O)O)O)O)(CO[C@H]9C([C@H]([C@@H](C(O9)CO)O[C@H]1C([C@H]([C@H](C(O1)CO)O)O)O)O)O)CO[C@H]1C([C@H]([C@@H](C(O1)CO)O[C@H]1C([C@H]([C@H](C(O1)CO)O)O)O)O)O.CNC(=S)NC(CO[C@H]1C([C@H]([C@@H](C(O1)CO)O[C@H]2C([C@H]([C@H](C(O2)CO)O)O)O)O)O)(CO[C@H]3C([C@H]([C@@H](C(O3)CO)O[C@H]4C([C@H]([C@H](C(O4)CO)O)O)O)O)O)CO[C@H]5C([C@H]([C@@H](C(O5)CO)O[C@H]6C([C@H]([C@H](C(O6)CO)O)O)O)O)O
90884528,CC1CCC(CC1)OCCCCCCOC(=O)C2=CC=C(C=C2)C3CCC(CC3)OC(=O)C4=CC=C(C=C4)C.CC1CCC(CC1)OCCCOC2=CC=C(C=C2)CCCCC3=CC=C(C=C3)COOC4CCC(CC4)C
90981959,CC1=CC(=NN1)NC2=NC(=NN3C2=CC=C3)C(C4=CC=C(C=C4)F)OC(=O)CNN5C(=CC(=N5)NC6=NC(=NN7C6=CC=C7)C(C8=CC=C(C=C8)F)OC(=O)C(C)N)C
91040577,CC1C(C2CC1CC2C(=O)OC(CC3C4CC5CC(C4)CC3C5)C(C(F)(F)F)(C(F)(F)F)O)C.CC1C(C2CC1CC2C(=O)OC(C(C)C)C(C(F)(F)F)(C(F)(F)F)O)C.CC1C(C2CC1CC2(C)C(=O)OCC(C(F)(F)F)(C(F)(F)F)O)C.CC1C(C2CC1CC2(C)C(=O)OC(C)(C)C(C(F)(F)F)(C(F)(F)F)O)C.CC1C(C2CC1CC2(C)C(=O)OC(C)(C3CCCC3)C(C(F)(F)F)(C(F)(F)F)O)C
91305518,CCC(CCCC(CCC(CN=C(COCC(COCCCSCCCCCCCCCC(F)(F)F)OCCCSCCCCCCCCCC(F)(F)F)COCC(COCCCSCCCCCC(CCCC(F)(F)F)C(C)C)OCCCSCCCCCCCCCC(F)(F)F)N=N)COCC(CO)O)O
91411526,CC[C@@H]1[C@@]([C@@H]([C@H](C(=O)[C@@H](C[C@@]([C@@H]([C@H]([C@@H]([C@H](C(=O)O1)C)OC2CC(C(C(O2)C)O)(C)OC)C)OC3C(C(CC(O3)C)N(C)C)O)(C)O)C)C)O)(C)O.CC[C@@H]1[C@@]([C@@H]([C@H](C(=NOC)[C@@H](CC([C@@H]([C@H]([C@@H]([C@H](C(=O)O1)C)OC2CC(C(C(O2)C)O)(C)OC)C)OC3C(C(CC(O3)C)N(C)C)C)(C)C)C)C)O)(C)O
91541756,COCC1=C(C(=C(C2=C1NC=C(C2=O)C(=O)O)N)F)NCCNC3=CC=CC=N3
91552833,CC(CCCCNC(=O)CCOCCOCCOCCOCCOCCOCCOCCOCCOCCC(=O)NCCCCCC(=O)CCC(=O)N)C(=O)C/C(=C/O)/C(=O)N.CO
91563027,COC1CC(OC(C1N=O)C2=C(C(=C(C(=C2O)O)Cl)C(C3=CC=C(C=C3)OC(C(O)(O)O)(O)O)(O)O)O)CO
91595028,CCC(CC(C)C(=O)N)C(=O)NCCCCCCO/N=C(/C)\CCCC(=O)NC(CC1=CC=CC=C1)C(=O)NC(CCC(=O)O)C(=O)NC(CC2=CNC=N2)C(=O)NCC(=O)NC(C(C)C)C(=O)NC(C(C)O[C@@H]3C(C([C@H]([C@@H](O3)CO[C@H]4C(C([C@@H]([C@@H](O4)CO)O[C@H]5C(C([C@H]([C@@H](O5)CO)O)O[C@@]6(CC([C@H]([C@@H](O6)[C@@H]([C@@H](CO)O)O)NC(=O)C)O)C(=O)O)O)O)NC(=O)C)O)O[C@H]7C(C([C@H](C(O7)CO)O)O)O)NC(=O)C)C(=O)NC(CO)C(=O)NC(C)C(=O)N8CCCC8C(=O)NC(CC(=O)O)C(=O)NC(C(C)O[C@@H]9C(C([C@H](C(O9)CO)O)O[C@H]1C(C([C@@H](C(O1)CO)O[C@H]1C(C([C@H]([C@@H](O1)CO)O)O[C@@]1(CC([C@H]([C@@H](O1)[C@@H]([C@@H](CO)O)O)NC(=O)C)O)C(=O)O)O)O)NC(=O)C)NC(=O)C)C(=O)NC(CCCNC(=N)N)C(=O)N1CCCC1C(=O)NC(C)C(=O)N1CCCC1C.CC(C(C(=O)NC(C)C(=O)N1CCCC1C(=O)N2CCCC2C(=O)NC(C)C(=O)N)NC(=O)C(CO)NC(=O)CNC(=O)C)O[C@@H]3C([C@H]([C@H](C(O3)CO)O)O[C@H]4C([C@H]([C@H](C(O4)CO)O)O)NC(=O)C)NC(=O)C
91614181,CC1=CC=C(C=C1)C[C@H]([C@H]2[C@@H](OC(O2)(C)C)[C@@H](CC3=CC=C(C=C3)C)NC(=O)OCC4=CC=CC=C4)NC(=O)OCC5=CC=CC=C5.CC1=CC=C(C=C1)C[C@H]([C@@H]([C@H]([C@@H](CC2=CC=C(C=C2)C)NC(=O)OCC3=CC=CC=C3)O)O)NC(=O)OCC4=CC=CC=C4
91617014,CCC1=C(C2=CC3=C(C(=C(N3)C=C4C(=C(C(=C5C6=C(C(=C(N6)C=C1N2)C)C(=O)N(C5=O)CC7=CC(=CC(=C7)C(F)(F)F)C(F)(F)F)N4)CCC(=O)OC)C)C)C(=O)C)C
91617930,CCCCCCCCCCCCN(CCC(=O)[O-])CCC(=O)[O-].CCCCCCCCCCCCN(CCC(=O)[O-])CCC(=O)[O-].CC1=C2C(=C(C(=C1C)OP(=O)(O)O)C)CC[C@@](O2)(C)CCC[C@H](C)CCC[C@H](C)CCCC(C)C.CC1=C2C(=C(C(=C1C)OP(=O)(O)OC3=C(C(=C4C(=C3C)CC[C@@](O4)(C)CCC[C@H](C)CCC[C@H](C)CCCC(C)C)C)C)C)CC[C@@](O2)(C)CCC[C@H](C)CCC[C@H](C)CCCC(C)C.[Na+].[Na+].[Na+].[Na+]
91618238,CSCC(C(CNCC1C=NC2=C1NC=NC2=O)O)O
